도로등급, 도로명, 지점ID, 년도, 월, 일, 요일, 방향, 1종,2종,3종,4종,5종,6종,7종,8종,9종,10종,11종,12종, 합계  
일반국도,국도 48호선,4803-002,2015,01,01,목,상행,27575,844,4639,2589,336,526,15,3,1,33,0,15,36576
일반국도,국도 48호선,4803-002,2015,01,01,목,하행,29548,871,3932,825,38,30,13,3,0,6,0,0,35266
일반국도,국도 48호선,4803-002,2015,01,02,금,상행,32870,941,5835,3218,452,700,19,9,1,45,2,23,44115
일반국도,국도 48호선,4803-002,2015,01,02,금,하행,31398,1116,6727,1852,229,138,65,2,0,11,0,1,41539
일반국도,국도 48호선,4803-002,2015,01,03,토,상행,30401,1043,5754,3213,197,805,36,26,2,64,13,52,41606
일반국도,국도 48호선,4803-002,2015,01,03,토,하행,31979,1051,5385,1243,161,137,31,3,0,10,0,2,40002
일반국도,국도 48호선,4803-002,2015,01,04,일,상행,25918,910,5020,2748,140,750,29,20,2,51,15,40,35643
일반국도,국도 48호선,4803-002,2015,01,04,일,하행,28387,985,3293,674,53,76,5,0,0,3,0,1,33477
일반국도,국도 48호선,4803-002,2015,01,05,월,상행,32931,966,6068,3441,443,754,44,19,2,60,24,36,44788
일반국도,국도 48호선,4803-002,2015,01,05,월,하행,32256,1241,7086,2086,343,250,96,7,0,29,0,6,43400
일반국도,국도 48호선,4803-002,2015,01,06,화,상행,33842,1111,5756,3246,449,650,18,6,1,45,0,21,45145
일반국도,국도 48호선,4803-002,2015,01,06,화,하행,32415,1242,7656,2192,334,256,113,8,1,25,0,7,44249
일반국도,국도 48호선,4803-002,2015,01,07,수,상행,34351,1301,6253,2225,503,612,16,3,4,42,2,18,45330
일반국도,국도 48호선,4803-002,2015,01,07,수,하행,32295,1238,7546,2151,290,285,125,7,0,23,0,1,43961
일반국도,국도 48호선,4803-002,2015,01,08,목,상행,34621,913,5681,3202,498,497,18,2,0,41,0,18,45491
일반국도,국도 48호선,4803-002,2015,01,08,목,하행,32535,1217,7603,2261,375,187,72,4,0,12,0,7,44273
일반국도,국도 48호선,4803-002,2015,01,09,금,상행,35731,951,5847,3329,506,513,13,4,0,44,2,19,46959
일반국도,국도 48호선,4803-002,2015,01,09,금,하행,33353,1312,7784,2132,345,256,92,11,0,25,0,3,45313
일반국도,국도 48호선,4803-002,2015,01,10,토,상행,32395,955,5953,3377,186,794,39,26,3,57,22,41,43848
일반국도,국도 48호선,4803-002,2015,01,10,토,하행,34618,1083,5629,1288,163,195,50,6,0,17,0,4,43053
일반국도,국도 48호선,4803-002,2015,01,11,일,상행,27113,1019,5273,2867,124,670,20,22,3,59,9,39,37218
일반국도,국도 48호선,4803-002,2015,01,11,일,하행,29745,995,3594,789,59,82,4,5,0,4,0,1,35278
일반국도,국도 48호선,4803-002,2015,01,12,월,상행,34361,876,5850,3308,446,511,17,8,2,46,0,23,45448
일반국도,국도 48호선,4803-002,2015,01,12,월,하행,32006,1225,7600,2088,444,163,73,11,0,23,0,6,43639
일반국도,국도 48호선,4803-002,2015,01,13,화,상행,33297,1004,6165,3458,523,843,40,21,4,57,22,47,45481
일반국도,국도 48호선,4803-002,2015,01,13,화,하행,32372,1243,7486,2271,441,212,107,6,0,40,0,7,44185
일반국도,국도 48호선,4803-002,2015,01,14,수,상행,33492,999,6097,3401,522,529,37,26,2,60,13,40,45218
일반국도,국도 48호선,4803-002,2015,01,14,수,하행,32600,1243,7390,2133,380,250,107,8,0,26,0,6,44143
일반국도,국도 48호선,4803-002,2015,01,15,목,상행,34599,953,5967,3273,547,722,19,6,2,44,2,20,46154
일반국도,국도 48호선,4803-002,2015,01,15,목,하행,32951,1261,7395,2142,437,200,115,11,0,40,0,3,44555
일반국도,국도 48호선,4803-002,2015,01,16,금,상행,33488,1248,6913,3573,492,999,43,31,13,84,19,40,46943
일반국도,국도 48호선,4803-002,2015,01,16,금,하행,33783,1299,7520,2040,427,228,93,8,0,40,0,5,45443
일반국도,국도 48호선,4803-002,2015,01,17,토,상행,33320,999,6152,3315,188,1105,20,9,2,51,2,34,45197
일반국도,국도 48호선,4803-002,2015,01,17,토,하행,33830,972,6014,1383,160,253,43,4,0,19,0,2,42680
일반국도,국도 48호선,4803-002,2015,01,18,일,상행,26389,964,5276,2807,123,660,19,16,2,51,9,37,36353
일반국도,국도 48호선,4803-002,2015,01,18,일,하행,28375,998,3897,725,48,100,11,1,0,6,0,1,34162
일반국도,국도 48호선,4803-002,2015,01,19,월,상행,32326,1025,5951,3270,469,419,30,22,3,147,8,37,43707
일반국도,국도 48호선,4803-002,2015,01,19,월,하행,31085,1230,7206,1984,292,192,79,6,0,19,0,4,42097
일반국도,국도 48호선,4803-002,2015,01,20,화,상행,33743,1346,6279,3231,458,557,46,21,2,67,25,38,45813
일반국도,국도 48호선,4803-002,2015,01,20,화,하행,32400,1197,7778,2277,331,290,87,7,0,33,0,5,44405
일반국도,국도 48호선,4803-002,2015,01,21,수,상행,33300,1446,6768,2857,568,515,45,22,2,62,23,44,45652
일반국도,국도 48호선,4803-002,2015,01,21,수,하행,33188,1182,7517,2090,518,398,107,11,0,22,0,3,45036
일반국도,국도 48호선,4803-002,2015,01,22,목,상행,34903,1144,6325,2135,512,819,19,7,4,47,0,24,45939
일반국도,국도 48호선,4803-002,2015,01,22,목,하행,33434,1239,7569,1989,394,528,67,7,0,22,0,9,45258
일반국도,국도 48호선,4803-002,2015,01,23,금,상행,35551,1302,6340,2712,518,740,19,6,12,44,3,21,47268
일반국도,국도 48호선,4803-002,2015,01,23,금,하행,34361,1310,7634,2040,497,257,104,11,0,29,0,3,46246
일반국도,국도 48호선,4803-002,2015,01,24,토,상행,33411,1259,6062,3162,185,948,20,0,2,45,0,28,45122
일반국도,국도 48호선,4803-002,2015,01,24,토,하행,35440,1016,5697,1337,250,251,56,2,0,24,0,2,44075
일반국도,국도 48호선,4803-002,2015,01,25,일,상행,25808,836,4933,2518,116,688,11,5,2,38,0,26,34981
일반국도,국도 48호선,4803-002,2015,01,25,일,하행,28642,967,3476,708,67,86,4,2,0,5,0,0,33957
일반국도,국도 48호선,4803-002,2015,01,26,월,상행,32940,1151,5992,3271,519,382,36,20,2,54,6,35,44408
일반국도,국도 48호선,4803-002,2015,01,26,월,하행,32298,1207,7156,2012,399,244,70,5,0,22,0,5,43418
일반국도,국도 48호선,4803-002,2015,01,27,화,상행,33746,1383,6686,2771,603,354,55,31,4,136,11,47,45827
일반국도,국도 48호선,4803-002,2015,01,27,화,하행,32948,1241,7979,2271,385,260,81,7,0,20,0,5,45197
일반국도,국도 48호선,4803-002,2015,01,28,수,상행,33255,1321,6277,3287,524,369,19,10,4,48,2,26,45142
일반국도,국도 48호선,4803-002,2015,01,28,수,하행,32737,1190,7577,2223,344,206,84,12,0,19,0,6,44398
일반국도,국도 48호선,4803-002,2015,01,29,목,상행,32927,1294,6088,3693,579,531,19,7,4,45,2,24,45213
일반국도,국도 48호선,4803-002,2015,01,29,목,하행,32698,1260,7469,2263,427,193,83,6,0,23,0,2,44424
일반국도,국도 48호선,4803-002,2015,01,30,금,상행,33408,1466,6531,3642,529,565,25,14,5,53,9,25,46272
일반국도,국도 48호선,4803-002,2015,01,30,금,하행,33573,1257,7741,2290,466,214,94,9,0,26,0,7,45677
일반국도,국도 48호선,4803-002,2015,01,31,토,상행,32194,1343,5801,3374,161,870,23,12,23,64,1,15,43881
일반국도,국도 48호선,4803-002,2015,01,31,토,하행,33712,1029,5862,1446,315,175,43,6,0,23,0,1,42612
일반국도,국도 48호선,4803-002,2015,02,01,일,상행,26552,1253,4921,3397,177,897,24,16,18,53,11,20,37339
일반국도,국도 48호선,4803-002,2015,02,01,일,하행,28931,963,3633,823,50,84,11,4,0,5,0,10,34514
일반국도,국도 48호선,4803-002,2015,02,02,월,상행,31012,1441,6318,4909,329,1583,50,26,18,70,17,36,45809
일반국도,국도 48호선,4803-002,2015,02,02,월,하행,33098,1192,7762,2141,464,291,82,6,0,25,0,2,45063
일반국도,국도 48호선,4803-002,2015,02,03,화,상행,33491,1345,5951,3996,251,936,17,8,7,53,3,21,46079
일반국도,국도 48호선,4803-002,2015,02,03,화,하행,33219,1222,7558,2241,482,327,119,4,0,15,0,4,45191
일반국도,국도 48호선,4803-002,2015,02,04,수,상행,33585,1298,5751,3518,273,1586,15,6,14,43,3,18,46110
일반국도,국도 48호선,4803-002,2015,02,04,수,하행,33564,1239,7588,2226,388,293,92,10,0,27,0,5,45432
일반국도,국도 48호선,4803-002,2015,02,05,목,상행,33660,1468,6845,2955,276,972,26,28,6,69,17,41,46363
일반국도,국도 48호선,4803-002,2015,02,05,목,하행,33570,1226,7504,2270,521,285,108,9,0,25,0,11,45529
일반국도,국도 48호선,4803-002,2015,02,06,금,상행,33604,1343,7046,3422,330,700,71,49,2,72,18,61,46718
일반국도,국도 48호선,4803-002,2015,02,06,금,하행,34868,1312,7758,2219,451,264,91,10,0,28,0,5,47006
일반국도,국도 48호선,4803-002,2015,02,07,토,상행,32755,1238,6605,2946,289,706,30,13,0,47,2,27,44658
일반국도,국도 48호선,4803-002,2015,02,07,토,하행,35287,1093,6204,1419,305,252,72,4,0,24,0,6,44666
일반국도,국도 48호선,4803-002,2015,02,08,일,상행,27113,1042,4622,2327,269,233,11,1,1,42,0,10,35671
일반국도,국도 48호선,4803-002,2015,02,08,일,하행,28140,912,3986,884,65,85,4,1,0,2,0,1,34080
일반국도,국도 48호선,4803-002,2015,02,09,월,상행,31380,1297,6711,3711,344,705,51,36,3,75,25,45,44383
일반국도,국도 48호선,4803-002,2015,02,09,월,하행,31932,1172,7621,2154,427,155,74,11,0,13,0,4,43563
일반국도,국도 48호선,4803-002,2015,02,10,화,상행,32510,1093,6421,3860,273,1184,37,24,18,76,25,35,45556
일반국도,국도 48호선,4803-002,2015,02,10,화,하행,33421,1215,7632,2256,366,267,104,4,0,32,0,1,45298
일반국도,국도 48호선,4803-002,2015,02,11,수,상행,35532,1393,6078,3058,258,621,23,11,14,57,3,27,47075
일반국도,국도 48호선,4803-002,2015,02,11,수,하행,34319,1289,7826,2126,512,225,130,13,0,36,0,17,46493
일반국도,국도 48호선,4803-002,2015,02,12,목,상행,36045,1141,6420,2957,346,623,28,10,12,119,5,25,47731
일반국도,국도 48호선,4803-002,2015,02,12,목,하행,35566,1267,8103,2366,453,275,104,15,0,32,0,6,48187
일반국도,국도 48호선,4803-002,2015,02,13,금,상행,36589,878,6164,3593,251,780,27,11,4,52,2,25,48376
일반국도,국도 48호선,4803-002,2015,02,13,금,하행,35731,1294,8011,2310,406,294,113,12,0,29,0,4,48204
일반국도,국도 48호선,4803-002,2015,02,14,토,상행,34247,961,5885,3597,212,772,45,22,4,72,25,45,45887
일반국도,국도 48호선,4803-002,2015,02,14,토,하행,35219,1077,6155,1554,586,416,84,11,0,40,0,6,45148
일반국도,국도 48호선,4803-002,2015,02,15,일,상행,28430,1381,5084,2031,133,400,8,3,10,118,0,24,37622
일반국도,국도 48호선,4803-002,2015,02,15,일,하행,29333,908,3468,738,296,169,31,3,0,9,0,4,34959
일반국도,국도 48호선,4803-002,2015,02,16,월,상행,33050,1390,6686,2673,296,528,39,26,7,110,24,35,44864
일반국도,국도 48호선,4803-002,2015,02,16,월,하행,34017,1160,7309,1864,337,279,59,4,0,26,0,1,45056
일반국도,국도 48호선,4803-002,2015,02,17,화,상행,34991,1175,6636,3498,281,798,39,27,22,72,34,43,47616
일반국도,국도 48호선,4803-002,2015,02,17,화,하행,35912,1143,6637,1662,311,234,43,7,0,16,0,2,45967
일반국도,국도 48호선,4803-002,2015,02,18,수,상행,27418,1090,5145,2696,525,275,21,11,0,38,2,22,37243
일반국도,국도 48호선,4803-002,2015,02,18,수,하행,29817,840,3508,721,124,43,3,0,0,3,0,0,35059
일반국도,국도 48호선,4803-002,2015,02,19,목,상행,35255,1294,5883,3054,537,156,14,2,0,33,0,6,46234
일반국도,국도 48호선,4803-002,2015,02,19,목,하행,35576,675,3437,404,147,27,0,0,0,0,0,0,40266
일반국도,국도 48호선,4803-002,2015,02,20,금,상행,26711,1285,5433,3176,185,348,38,30,3,69,14,23,37315
일반국도,국도 48호선,4803-002,2015,02,20,금,하행,30766,734,2761,470,190,32,0,1,0,0,0,0,34954
일반국도,국도 48호선,4803-002,2015,02,21,토,상행,25442,1152,4548,2858,181,732,26,19,15,52,18,16,35059
일반국도,국도 48호선,4803-002,2015,02,21,토,하행,29098,886,3313,622,140,34,5,1,0,0,0,0,34099
일반국도,국도 48호선,4803-002,2015,02,22,일,상행,25379,1089,4723,3230,232,940,26,13,10,45,4,23,35714
일반국도,국도 48호선,4803-002,2015,02,22,일,하행,27097,849,3021,680,167,23,5,2,0,2,0,0,31846
일반국도,국도 48호선,4803-002,2015,02,23,월,상행,33125,1781,7020,2699,242,503,27,19,10,124,13,28,45591
일반국도,국도 48호선,4803-002,2015,02,23,월,하행,33535,1092,7356,1970,503,212,81,5,0,24,0,10,44788
일반국도,국도 48호선,4803-002,2015,02,24,화,상행,34524,1475,6884,2636,266,529,40,34,9,174,19,36,46626
일반국도,국도 48호선,4803-002,2015,02,24,화,하행,34397,1190,7600,2165,591,307,126,5,0,30,0,11,46422
일반국도,국도 48호선,4803-002,2015,02,25,수,상행,35730,1173,6669,3078,272,549,26,22,10,71,24,41,47665
일반국도,국도 48호선,4803-002,2015,02,25,수,하행,34955,1100,7604,2063,687,265,124,13,0,23,0,11,46845
일반국도,국도 48호선,4803-002,2015,02,26,목,상행,35593,1257,5988,3297,263,818,20,4,13,43,3,18,47317
일반국도,국도 48호선,4803-002,2015,02,26,목,하행,35058,1206,7490,2063,583,341,150,14,1,35,0,10,46951
일반국도,국도 48호선,4803-002,2015,02,27,금,상행,36592,1206,6627,3391,274,559,35,23,14,67,20,46,48854
일반국도,국도 48호선,4803-002,2015,02,27,금,하행,36053,1205,8017,2216,529,313,125,15,0,22,0,15,48510
일반국도,국도 48호선,4803-002,2015,02,28,토,상행,36146,1265,5952,3213,247,837,27,11,10,55,3,36,47802
일반국도,국도 48호선,4803-002,2015,02,28,토,하행,36776,1023,5917,1280,381,241,85,5,0,23,0,4,45735
일반국도,국도 48호선,4803-002,2015,03,01,일,상행,31985,1087,5035,1908,179,632,14,4,5,42,0,27,40918
일반국도,국도 48호선,4803-002,2015,03,01,일,하행,31637,991,3760,747,157,128,17,1,0,4,0,0,37442
일반국도,국도 48호선,4803-002,2015,03,02,월,상행,35328,1497,5588,3180,299,568,17,4,7,155,0,20,46663
일반국도,국도 48호선,4803-002,2015,03,02,월,하행,34052,1145,7723,2072,606,367,97,9,0,32,0,3,46106
일반국도,국도 48호선,4803-002,2015,03,03,화,상행,35421,941,5375,2084,211,522,21,8,2,46,0,22,44653
일반국도,국도 48호선,4803-002,2015,03,03,화,하행,33313,1241,7152,2032,400,220,97,10,0,31,0,8,44504
일반국도,국도 48호선,4803-002,2015,03,04,수,상행,35039,1815,5878,2673,280,625,47,33,5,66,26,45,46532
일반국도,국도 48호선,4803-002,2015,03,04,수,하행,34204,1206,7754,2241,413,225,89,13,0,32,0,12,46189
일반국도,국도 48호선,4803-002,2015,03,05,목,상행,36035,1273,5679,2286,280,646,23,17,5,50,2,26,46322
일반국도,국도 48호선,4803-002,2015,03,05,목,하행,34030,1286,7468,2213,431,318,113,7,0,26,0,7,45899
일반국도,국도 48호선,4803-002,2015,03,06,금,상행,36892,1499,5634,2594,335,589,22,11,10,172,0,19,47777
일반국도,국도 48호선,4803-002,2015,03,06,금,하행,34996,1251,7667,2200,553,264,99,11,0,32,0,8,47081
일반국도,국도 48호선,4803-002,2015,03,07,토,상행,35002,1958,6142,2811,313,531,52,24,6,175,22,55,47091
일반국도,국도 48호선,4803-002,2015,03,07,토,하행,36706,1008,6053,1307,565,259,81,4,0,20,0,8,46011
일반국도,국도 48호선,4803-002,2015,03,08,일,상행,29670,1166,5150,3128,180,391,31,23,3,51,15,35,39843
일반국도,국도 48호선,4803-002,2015,03,08,일,하행,31979,851,3527,680,333,94,14,7,0,8,0,1,37494
일반국도,국도 48호선,4803-002,2015,03,09,월,상행,36522,1123,5606,2083,236,270,20,8,2,65,2,23,45960
일반국도,국도 48호선,4803-002,2015,03,09,월,하행,33824,1138,7705,2051,620,241,90,7,0,26,0,6,45708
일반국도,국도 48호선,4803-002,2015,03,10,화,상행,34639,1773,5653,2694,274,446,28,12,7,191,1,25,45743
일반국도,국도 48호선,4803-002,2015,03,10,화,하행,33237,1151,7454,2303,491,246,113,10,0,23,0,5,45033
일반국도,국도 48호선,4803-002,2015,03,11,수,상행,34688,1179,5716,3521,306,365,49,30,2,110,14,36,46016
일반국도,국도 48호선,4803-002,2015,03,11,수,하행,33738,1176,7551,2103,468,191,116,13,0,15,0,6,45377
일반국도,국도 48호선,4803-002,2015,03,12,목,상행,35646,1297,5870,2933,434,598,47,19,6,67,13,42,46972
일반국도,국도 48호선,4803-002,2015,03,12,목,하행,34315,1058,7708,2203,703,277,104,13,0,25,0,5,46411
일반국도,국도 48호선,4803-002,2015,03,13,금,상행,36102,1983,6110,3073,302,617,31,35,6,60,30,48,48397
일반국도,국도 48호선,4803-002,2015,03,13,금,하행,35198,1023,7450,1986,808,221,104,13,0,39,0,5,46847
일반국도,국도 48호선,4803-002,2015,03,14,토,상행,36738,1346,5917,3254,260,1008,30,7,14,54,3,31,48662
일반국도,국도 48호선,4803-002,2015,03,14,토,하행,36649,877,5873,1279,549,196,54,6,0,23,0,9,45515
일반국도,국도 48호선,4803-002,2015,03,15,일,상행,29545,1777,5123,2358,201,741,35,13,12,58,14,39,39916
일반국도,국도 48호선,4803-002,2015,03,15,일,하행,31958,803,3776,672,393,125,6,6,0,7,0,6,37752
일반국도,국도 48호선,4803-002,2015,03,16,월,상행,34530,1206,5948,3607,320,357,39,38,1,142,19,44,46251
일반국도,국도 48호선,4803-002,2015,03,16,월,하행,33933,985,7286,1937,736,205,89,11,0,33,0,9,45224
일반국도,국도 48호선,4803-002,2015,03,17,화,상행,36151,1221,5857,2272,402,421,41,27,2,157,10,37,46598
일반국도,국도 48호선,4803-002,2015,03,17,화,하행,34474,1016,7420,2063,896,295,152,11,0,50,0,8,46385
일반국도,국도 48호선,4803-002,2015,03,18,수,상행,35853,1106,5395,2002,335,326,24,10,2,121,0,20,45194
일반국도,국도 48호선,4803-002,2015,03,18,수,하행,33012,1039,6745,1878,911,459,138,10,0,53,0,12,44257
일반국도,국도 48호선,4803-002,2015,03,19,목,상행,36799,1172,5843,2212,281,339,36,23,2,77,8,34,46826
일반국도,국도 48호선,4803-002,2015,03,19,목,하행,34836,1032,7210,1990,774,304,95,17,0,28,0,3,46289
일반국도,국도 48호선,4803-002,2015,03,20,금,상행,39012,1017,5685,2080,230,492,17,10,2,43,0,19,48607
일반국도,국도 48호선,4803-002,2015,03,20,금,하행,35724,1018,7324,2040,968,364,126,12,0,47,0,16,47639
일반국도,국도 48호선,4803-002,2015,03,21,토,상행,35820,1181,6098,3702,232,237,39,22,3,112,25,45,47516
일반국도,국도 48호선,4803-002,2015,03,21,토,하행,37208,926,5610,1191,712,247,111,5,0,30,0,17,46057
일반국도,국도 48호선,4803-002,2015,03,22,일,상행,31745,1005,5008,2995,164,226,9,2,2,76,0,24,41256
일반국도,국도 48호선,4803-002,2015,03,22,일,하행,32846,723,3851,659,470,126,20,3,0,6,0,6,38710
일반국도,국도 48호선,4803-002,2015,03,23,월,상행,34707,1160,5967,3604,290,338,35,28,2,97,23,47,46298
일반국도,국도 48호선,4803-002,2015,03,23,월,하행,34092,1072,7521,1992,820,320,132,10,0,39,0,5,46003
일반국도,국도 48호선,4803-002,2015,03,24,화,상행,36921,1020,5629,2118,316,304,23,11,3,119,2,26,46492
일반국도,국도 48호선,4803-002,2015,03,24,화,하행,33913,1032,7373,2173,890,430,180,15,0,35,0,10,46051
일반국도,국도 48호선,4803-002,2015,03,25,수,상행,37543,1072,5612,2002,307,375,17,11,3,142,1,18,47103
일반국도,국도 48호선,4803-002,2015,03,25,수,하행,34323,988,7339,1969,823,470,169,15,0,35,0,11,46142
일반국도,국도 48호선,4803-002,2015,03,26,목,상행,37017,1126,5756,2100,286,302,24,17,0,91,11,25,46755
일반국도,국도 48호선,4803-002,2015,03,26,목,하행,33976,957,7448,2003,852,434,201,10,0,46,0,13,45940
일반국도,국도 48호선,4803-002,2015,03,27,금,상행,35476,1768,6137,3334,339,1143,32,30,13,72,22,32,48398
일반국도,국도 48호선,4803-002,2015,03,27,금,하행,35615,986,7601,1956,929,308,145,11,0,35,1,21,47608
일반국도,국도 48호선,4803-002,2015,03,28,토,상행,35179,1327,6095,3684,262,547,29,31,4,71,27,44,47300
일반국도,국도 48호선,4803-002,2015,03,28,토,하행,36580,844,5466,1207,627,212,93,6,0,26,0,10,45071
일반국도,국도 48호선,4803-002,2015,03,29,일,상행,30104,1230,5169,3176,180,443,26,15,3,58,14,42,40460
일반국도,국도 48호선,4803-002,2015,03,29,일,하행,32048,714,3482,619,530,122,19,3,0,8,0,10,37555
일반국도,국도 48호선,4803-002,2015,03,30,월,상행,35756,1763,5477,2373,380,464,17,7,5,177,3,19,46441
일반국도,국도 48호선,4803-002,2015,03,30,월,하행,34409,1005,7290,1885,1046,219,111,15,0,39,0,6,46025
일반국도,국도 48호선,4803-002,2015,03,31,화,상행,34477,1070,5745,3507,220,227,41,29,2,107,14,36,45475
일반국도,국도 48호선,4803-002,2015,03,31,화,하행,33827,907,7194,1896,1092,226,139,12,0,55,0,26,45374
일반국도,국도 48호선,4803-002,2015,04,01,수,상행,35880,1329,5897,2181,247,272,40,25,3,78,21,155,46128
일반국도,국도 48호선,4803-002,2015,04,01,수,하행,34487,1021,7136,1981,983,265,112,11,0,39,0,14,46049
일반국도,국도 48호선,4803-002,2015,04,02,목,상행,35197,1152,5507,3336,332,372,25,9,0,103,2,21,46056
일반국도,국도 48호선,4803-002,2015,04,02,목,하행,34471,896,7203,1886,1059,347,128,18,0,51,0,12,46071
일반국도,국도 48호선,4803-002,2015,04,03,금,상행,36831,1289,5914,2260,251,355,49,20,2,53,17,45,47086
일반국도,국도 48호선,4803-002,2015,04,03,금,하행,35286,925,7429,1881,983,199,95,8,0,28,0,16,46850
일반국도,국도 48호선,4803-002,2015,04,04,토,상행,37453,1185,6097,3690,238,300,20,9,1,57,0,37,49087
일반국도,국도 48호선,4803-002,2015,04,04,토,하행,36981,755,5463,1087,865,210,70,7,0,24,0,10,45472
일반국도,국도 48호선,4803-002,2015,04,05,일,상행,30709,1152,5402,3226,178,201,31,17,3,94,13,45,41071
일반국도,국도 48호선,4803-002,2015,04,05,일,하행,32779,689,3563,619,502,100,34,4,0,5,0,4,38299
일반국도,국도 48호선,4803-002,2015,04,06,월,상행,35062,1951,5712,2794,298,834,31,12,12,48,2,24,46780
일반국도,국도 48호선,4803-002,2015,04,06,월,하행,34233,940,7376,1931,942,292,104,13,0,30,0,10,45871
일반국도,국도 48호선,4803-002,2015,04,07,화,상행,36660,1717,5657,2487,307,718,25,8,11,59,3,22,47674
일반국도,국도 48호선,4803-002,2015,04,07,화,하행,34652,954,7488,2161,979,317,122,9,0,53,0,12,46747
일반국도,국도 48호선,4803-002,2015,04,08,수,상행,35838,1105,6034,3627,238,335,28,18,3,114,25,43,47408
일반국도,국도 48호선,4803-002,2015,04,08,수,하행,34179,1003,7289,1982,998,444,158,4,0,50,0,14,46121
일반국도,국도 48호선,4803-002,2015,04,09,목,상행,37714,1171,5681,2012,264,288,25,10,2,94,0,79,47340
일반국도,국도 48호선,4803-002,2015,04,09,목,하행,34696,977,7384,1990,979,382,149,17,0,39,0,16,46629
일반국도,국도 48호선,4803-002,2015,04,10,금,상행,38855,1428,6303,2405,323,293,46,40,1,149,16,55,49914
일반국도,국도 48호선,4803-002,2015,04,10,금,하행,36167,1029,7434,2087,831,347,139,14,0,53,0,17,48118
일반국도,국도 48호선,4803-002,2015,04,11,토,상행,37930,1195,6009,3625,229,275,20,10,2,67,2,32,49396
일반국도,국도 48호선,4803-002,2015,04,11,토,하행,39176,917,5316,1174,774,299,77,6,0,37,0,13,47789
일반국도,국도 48호선,4803-002,2015,04,12,일,상행,31706,1198,5649,3314,169,273,33,22,2,115,9,54,42544
일반국도,국도 48호선,4803-002,2015,04,12,일,하행,34789,764,3519,646,521,261,53,1,0,8,0,8,40570
일반국도,국도 48호선,4803-002,2015,04,13,월,상행,35105,1354,6044,3627,315,287,44,27,2,84,18,88,46995
일반국도,국도 48호선,4803-002,2015,04,13,월,하행,34275,936,7204,1938,928,348,98,11,0,32,0,13,45783
일반국도,국도 48호선,4803-002,2015,04,14,화,상행,34458,1304,5658,2182,283,267,47,36,1,86,13,37,44372
일반국도,국도 48호선,4803-002,2015,04,14,화,하행,32744,943,7067,1764,826,220,69,8,0,39,0,5,43685
일반국도,국도 48호선,4803-002,2015,04,15,수,상행,38033,1211,5734,2040,273,304,21,9,2,134,1,48,47810
일반국도,국도 48호선,4803-002,2015,04,15,수,하행,35192,1069,7381,2019,870,320,130,10,0,31,0,13,47035
일반국도,국도 48호선,4803-002,2015,04,16,목,상행,34637,1284,5690,3500,264,419,34,27,3,138,23,31,46050
일반국도,국도 48호선,4803-002,2015,04,16,목,하행,33880,931,7208,1974,1023,374,110,15,0,34,0,19,45568
일반국도,국도 48호선,4803-002,2015,04,17,금,상행,38843,1397,6392,2390,290,485,41,37,5,200,27,44,50151
일반국도,국도 48호선,4803-002,2015,04,17,금,하행,36506,1148,7628,2070,848,314,116,22,0,42,0,5,48699
일반국도,국도 48호선,4803-002,2015,04,18,토,상행,39878,1045,6001,3656,217,261,11,3,2,119,0,29,51222
일반국도,국도 48호선,4803-002,2015,04,18,토,하행,38495,1002,5166,1246,785,254,66,12,0,27,0,12,47065
일반국도,국도 48호선,4803-002,2015,04,19,일,상행,29860,1054,5231,3126,159,300,38,32,2,67,25,43,39937
일반국도,국도 48호선,4803-002,2015,04,19,일,하행,30700,736,3171,527,559,55,28,3,0,3,0,12,35794
일반국도,국도 48호선,4803-002,2015,04,20,월,상행,35056,1418,6007,3665,288,235,30,35,1,164,9,21,46929
일반국도,국도 48호선,4803-002,2015,04,20,월,하행,33494,977,6995,1769,936,284,73,16,0,34,0,14,44592
일반국도,국도 48호선,4803-002,2015,04,21,화,상행,38093,1431,6199,2320,294,356,40,24,4,100,20,39,48920
일반국도,국도 48호선,4803-002,2015,04,21,화,하행,35269,1076,7226,1959,896,323,111,23,0,52,0,12,46947
일반국도,국도 48호선,4803-002,2015,04,22,수,상행,37252,1183,5907,3499,245,428,14,5,1,193,0,20,48747
일반국도,국도 48호선,4803-002,2015,04,22,수,하행,35397,1104,7307,1971,1057,330,113,16,0,42,0,16,47353
일반국도,국도 48호선,4803-002,2015,04,23,목,상행,37563,1189,5800,3489,259,246,18,7,2,77,1,20,48671
일반국도,국도 48호선,4803-002,2015,04,23,목,하행,35726,1218,7358,2001,851,338,127,18,0,64,0,8,47709
일반국도,국도 48호선,4803-002,2015,04,24,금,상행,38617,1321,6185,3749,269,410,21,13,1,144,2,60,50792
일반국도,국도 48호선,4803-002,2015,04,24,금,하행,36814,1182,7435,1989,793,423,128,17,0,47,0,23,48851
일반국도,국도 48호선,4803-002,2015,04,25,토,상행,37121,1308,6258,3803,220,354,24,14,6,173,7,84,49372
일반국도,국도 48호선,4803-002,2015,04,25,토,하행,38937,992,5437,1208,688,371,103,4,0,32,0,18,47790
일반국도,국도 48호선,4803-002,2015,04,26,일,상행,32509,1182,5732,3512,155,271,26,17,2,93,11,44,43554
일반국도,국도 48호선,4803-002,2015,04,26,일,하행,35171,897,3419,649,380,228,40,3,0,12,0,4,40803
일반국도,국도 48호선,4803-002,2015,04,27,월,상행,36685,1513,6064,2445,279,411,37,22,3,133,25,40,47657
일반국도,국도 48호선,4803-002,2015,04,27,월,하행,35251,1277,7226,1952,800,473,108,11,0,43,0,10,47151
일반국도,국도 48호선,4803-002,2015,04,28,화,상행,35247,1682,5962,3089,222,218,37,27,2,102,25,41,46654
일반국도,국도 48호선,4803-002,2015,04,28,화,하행,35522,1256,7023,2005,860,454,137,16,0,52,0,20,47345
일반국도,국도 48호선,4803-002,2015,04,29,수,상행,35408,1865,5994,3315,369,429,36,34,6,130,21,39,47646
일반국도,국도 48호선,4803-002,2015,04,29,수,하행,34747,969,7233,1966,1140,307,149,17,0,48,0,31,46607
일반국도,국도 48호선,4803-002,2015,04,30,목,상행,35625,1801,6045,3675,467,514,47,22,7,166,19,80,48468
일반국도,국도 48호선,4803-002,2015,04,30,목,하행,36193,1207,7150,2001,852,331,122,15,0,67,0,15,47953
일반국도,국도 48호선,4803-002,2015,05,01,금,상행,34186,1687,5392,3145,286,428,22,12,4,137,0,21,45320
일반국도,국도 48호선,4803-002,2015,05,01,금,하행,36894,1081,5595,1295,488,155,60,6,0,24,0,12,45610
일반국도,국도 48호선,4803-002,2015,05,02,토,상행,36955,1469,5849,2801,217,388,15,11,5,159,1,34,47904
일반국도,국도 48호선,4803-002,2015,05,02,토,하행,36994,990,4784,945,480,276,52,5,0,21,0,6,44553
일반국도,국도 48호선,4803-002,2015,05,03,일,상행,29549,1304,5140,2303,159,198,22,12,3,102,12,47,38851
일반국도,국도 48호선,4803-002,2015,05,03,일,하행,31225,772,2977,527,503,95,15,1,0,1,0,2,36118
일반국도,국도 48호선,4803-002,2015,05,04,월,상행,36396,1585,5776,3100,292,368,29,16,6,96,2,27,47693
일반국도,국도 48호선,4803-002,2015,05,04,월,하행,37047,1083,6812,1677,689,223,107,9,0,43,0,25,47715
일반국도,국도 48호선,4803-002,2015,05,05,화,상행,33081,1526,5065,2745,267,379,18,9,8,112,2,19,43231
일반국도,국도 48호선,4803-002,2015,05,05,화,하행,34484,856,4681,1008,402,329,58,12,0,28,0,12,41870
일반국도,국도 48호선,4803-002,2015,05,06,수,상행,36024,1814,5709,3232,510,435,24,10,11,224,0,23,48016
일반국도,국도 48호선,4803-002,2015,05,06,수,하행,34878,1155,7592,2109,820,399,109,22,0,24,0,12,47120
일반국도,국도 48호선,4803-002,2015,05,07,목,상행,36729,1796,5802,3265,285,411,24,10,8,145,1,23,48499
일반국도,국도 48호선,4803-002,2015,05,07,목,하행,36102,1265,7544,2063,944,394,135,16,0,40,0,18,48521
일반국도,국도 48호선,4803-002,2015,05,08,금,상행,37085,1943,6161,4088,429,677,27,13,17,151,4,27,50622
일반국도,국도 48호선,4803-002,2015,05,08,금,하행,37540,1038,7447,1988,921,377,115,23,0,43,0,12,49504
일반국도,국도 48호선,4803-002,2015,05,09,토,상행,35234,1652,6022,3171,319,507,34,26,4,187,20,58,47234
일반국도,국도 48호선,4803-002,2015,05,09,토,하행,37990,1080,5454,1189,548,319,65,14,0,38,0,7,46704
일반국도,국도 48호선,4803-002,2015,05,10,일,상행,31892,1421,5408,2328,181,278,33,15,6,121,16,47,41746
일반국도,국도 48호선,4803-002,2015,05,10,일,하행,34056,963,3302,578,292,362,19,1,0,16,0,2,39591
일반국도,국도 48호선,4803-002,2015,05,11,월,상행,38407,1755,6456,3141,288,278,40,36,7,106,16,48,50578
일반국도,국도 48호선,4803-002,2015,05,11,월,하행,34550,1140,7371,1972,710,362,80,8,0,43,0,8,46244
일반국도,국도 48호선,4803-002,2015,05,12,화,상행,38178,1981,5989,3490,460,442,26,6,7,164,3,101,50847
일반국도,국도 48호선,4803-002,2015,05,12,화,하행,34532,1124,7550,1901,902,211,84,12,0,49,0,6,46371
일반국도,국도 48호선,4803-002,2015,05,13,수,상행,38173,1940,6296,3865,385,559,29,11,10,184,2,26,51480
일반국도,국도 48호선,4803-002,2015,05,13,수,하행,35122,1216,7538,2018,780,351,123,14,0,71,1,14,47248
일반국도,국도 48호선,4803-002,2015,05,14,목,상행,38298,1838,6465,3618,315,378,35,23,8,145,10,41,51174
일반국도,국도 48호선,4803-002,2015,05,14,목,하행,35622,1242,7156,1933,751,312,116,15,0,60,0,14,47221
일반국도,국도 48호선,4803-002,2015,05,15,금,상행,39037,2019,6683,3883,368,440,40,24,4,167,17,45,52727
일반국도,국도 48호선,4803-002,2015,05,15,금,하행,36480,1266,7532,2044,778,346,122,15,0,55,0,17,48655
일반국도,국도 48호선,4803-002,2015,05,16,토,상행,38651,1702,6510,3258,259,333,37,22,2,140,19,56,50989
일반국도,국도 48호선,4803-002,2015,05,16,토,하행,38022,1078,5380,1181,448,268,70,9,0,21,0,2,46479
일반국도,국도 48호선,4803-002,2015,05,17,일,상행,35139,1442,5702,2511,183,241,15,7,3,97,0,34,45374
일반국도,국도 48호선,4803-002,2015,05,17,일,하행,33591,1030,3367,611,256,343,14,6,0,21,0,1,39240
일반국도,국도 48호선,4803-002,2015,05,18,월,상행,37328,1797,6343,3286,432,354,31,27,5,239,22,33,49897
일반국도,국도 48호선,4803-002,2015,05,18,월,하행,34721,1257,7196,1952,713,317,85,8,0,35,0,11,46295
일반국도,국도 48호선,4803-002,2015,05,19,화,상행,38582,1862,5977,3194,292,366,27,5,3,136,2,21,50467
일반국도,국도 48호선,4803-002,2015,05,19,화,하행,34526,1023,7205,1984,1019,329,93,12,0,44,0,15,46250
일반국도,국도 48호선,4803-002,2015,05,20,수,상행,38094,1876,6209,3198,305,391,27,11,4,146,3,25,50289
일반국도,국도 48호선,4803-002,2015,05,20,수,하행,35415,1200,7305,2077,753,331,116,19,0,47,0,18,47281
일반국도,국도 48호선,4803-002,2015,05,21,목,상행,38618,1872,6396,3530,343,409,36,33,6,177,8,47,51475
일반국도,국도 48호선,4803-002,2015,05,21,목,하행,35797,1386,7192,2007,668,351,118,22,0,50,0,16,47607
일반국도,국도 48호선,4803-002,2015,05,22,금,상행,39684,1808,6427,3214,488,287,30,15,6,237,2,47,52245
일반국도,국도 48호선,4803-002,2015,05,22,금,하행,37207,1372,7531,2056,597,382,121,16,0,62,0,17,49361
일반국도,국도 48호선,4803-002,2015,05,23,토,상행,39499,1736,6601,3112,428,322,37,30,2,290,23,54,52134
일반국도,국도 48호선,4803-002,2015,05,23,토,하행,38043,1013,5303,1122,636,465,64,8,0,47,0,17,46718
일반국도,국도 48호선,4803-002,2015,05,24,일,상행,34753,1458,5915,2601,171,233,31,21,4,124,22,49,45382
일반국도,국도 48호선,4803-002,2015,05,24,일,하행,35414,984,3102,518,208,316,11,2,0,15,0,4,40574
일반국도,국도 48호선,4803-002,2015,05,25,월,상행,34050,1451,5432,2961,233,374,18,7,6,157,2,19,44710
일반국도,국도 48호선,4803-002,2015,05,25,월,하행,33745,1053,4411,903,374,356,46,6,0,29,0,9,40932
일반국도,국도 48호선,4803-002,2015,05,26,화,상행,38804,1783,6170,3279,291,391,17,14,5,157,0,24,50935
일반국도,국도 48호선,4803-002,2015,05,26,화,하행,35306,1359,7177,2041,605,422,97,20,1,50,1,9,47088
일반국도,국도 48호선,4803-002,2015,05,27,수,상행,39088,1967,6317,3689,341,591,25,10,5,54,2,25,52114
일반국도,국도 48호선,4803-002,2015,05,27,수,하행,35455,1408,7305,1992,678,436,131,18,0,44,0,15,47482
일반국도,국도 48호선,4803-002,2015,05,28,목,상행,39460,1878,6408,3148,292,396,30,15,5,138,2,27,51799
일반국도,국도 48호선,4803-002,2015,05,28,목,하행,36039,1432,7348,2105,582,395,119,19,0,64,1,12,48116
일반국도,국도 48호선,4803-002,2015,05,29,금,상행,39403,1758,5996,2946,290,371,17,8,3,148,2,20,50962
일반국도,국도 48호선,4803-002,2015,05,29,금,하행,36702,1435,7378,2100,712,342,121,24,2,51,0,14,48881
일반국도,국도 48호선,4803-002,2015,05,30,토,상행,39325,1672,6616,2970,326,382,37,22,4,131,13,63,51561
일반국도,국도 48호선,4803-002,2015,05,30,토,하행,36858,1041,5290,1129,605,276,80,10,0,36,0,7,45332
일반국도,국도 48호선,4803-002,2015,05,31,일,상행,35549,1294,5348,2079,199,443,11,3,4,42,0,26,44998
일반국도,국도 48호선,4803-002,2015,05,31,일,하행,32518,1067,3094,586,218,141,16,3,0,20,0,4,37667
일반국도,국도 48호선,4803-002,2015,06,01,월,상행,34215,1299,5718,2203,432,450,45,29,3,193,22,35,44644
일반국도,국도 48호선,4803-002,2015,06,01,월,하행,35013,1335,7092,1936,617,318,106,20,0,45,1,4,46487
일반국도,국도 48호선,4803-002,2015,06,02,화,상행,37940,1330,5769,2194,262,306,26,16,4,96,0,25,47968
일반국도,국도 48호선,4803-002,2015,06,02,화,하행,35306,1328,7260,2100,568,537,132,14,0,57,0,9,47311
일반국도,국도 48호선,4803-002,2015,06,03,수,상행,36248,1429,6001,3001,393,578,30,36,5,189,23,34,47967
일반국도,국도 48호선,4803-002,2015,06,03,수,하행,35307,1336,7078,1968,577,478,96,6,0,54,0,9,46909
일반국도,국도 48호선,4803-002,2015,06,04,목,상행,37331,1340,5708,2318,389,490,26,8,3,188,0,21,47822
일반국도,국도 48호선,4803-002,2015,06,04,목,하행,35060,1357,6999,2009,518,459,107,20,0,54,1,14,46598
일반국도,국도 48호선,4803-002,2015,06,05,금,상행,39003,1338,5895,2256,387,272,18,15,2,196,0,15,49397
일반국도,국도 48호선,4803-002,2015,06,05,금,하행,35488,1128,7223,1853,832,492,123,13,0,57,0,22,47231
일반국도,국도 48호선,4803-002,2015,06,06,토,상행,37029,1414,6009,2635,330,449,20,16,4,190,3,36,48135
일반국도,국도 48호선,4803-002,2015,06,06,토,하행,35017,1030,4522,946,407,382,62,2,0,24,0,7,42399
일반국도,국도 48호선,4803-002,2015,06,07,일,상행,30147,1096,4962,3003,169,589,18,9,5,44,0,29,40071
일반국도,국도 48호선,4803-002,2015,06,07,일,하행,30032,1005,2963,513,153,175,12,3,0,7,0,1,34864
일반국도,국도 48호선,4803-002,2015,06,08,월,상행,37016,1435,5829,2253,344,392,25,15,3,127,3,26,47468
일반국도,국도 48호선,4803-002,2015,06,08,월,하행,34334,1338,6980,1877,615,326,102,14,0,57,0,11,45654
일반국도,국도 48호선,4803-002,2015,06,09,화,상행,36435,1563,5865,3049,435,621,31,16,3,151,3,24,48196
일반국도,국도 48호선,4803-002,2015,06,09,화,하행,34557,1299,6982,1969,704,337,105,22,0,76,0,14,46065
일반국도,국도 48호선,4803-002,2015,06,10,수,상행,36483,1503,6012,2616,399,726,58,31,5,62,18,42,47955
일반국도,국도 48호선,4803-002,2015,06,10,수,하행,34817,1390,6871,1940,677,346,126,20,0,59,0,10,46256
일반국도,국도 48호선,4803-002,2015,06,11,목,상행,35917,1572,6035,3297,352,876,49,39,8,67,22,48,48282
일반국도,국도 48호선,4803-002,2015,06,11,목,하행,34930,1292,6821,1855,675,392,94,17,0,67,0,9,46152
일반국도,국도 48호선,4803-002,2015,06,12,금,상행,37283,1488,6178,2854,371,922,43,17,4,62,27,42,49291
일반국도,국도 48호선,4803-002,2015,06,12,금,하행,35928,1317,7035,1880,583,350,99,11,0,49,0,10,47262
일반국도,국도 48호선,4803-002,2015,06,13,토,상행,35479,1480,6175,3524,449,1347,48,18,6,75,29,42,48672
일반국도,국도 48호선,4803-002,2015,06,13,토,하행,35411,1177,4854,1114,324,471,82,15,0,29,0,15,43492
일반국도,국도 48호선,4803-002,2015,06,14,일,상행,29588,1371,5476,3904,377,1073,34,18,8,65,16,43,41973
일반국도,국도 48호선,4803-002,2015,06,14,일,하행,29567,940,2843,500,152,81,10,3,0,13,0,6,34115
일반국도,국도 48호선,4803-002,2015,06,15,월,상행,37403,1372,5583,2128,291,385,19,8,2,167,3,20,47381
일반국도,국도 48호선,4803-002,2015,06,15,월,하행,34293,1394,6792,1829,400,398,100,15,1,43,0,11,45276
일반국도,국도 48호선,4803-002,2015,06,16,화,상행,36228,1409,5895,3045,396,621,32,17,4,187,3,25,47862
일반국도,국도 48호선,4803-002,2015,06,16,화,하행,34673,1400,6990,1919,674,473,117,20,0,66,0,4,46336
일반국도,국도 48호선,4803-002,2015,06,17,수,상행,36739,1401,5785,2436,374,716,33,13,5,49,0,23,47574
일반국도,국도 48호선,4803-002,2015,06,17,수,하행,34667,1339,6757,1985,606,459,102,19,0,58,0,14,46006
일반국도,국도 48호선,4803-002,2015,06,18,목,상행,36303,1363,6031,3648,263,294,39,29,3,37,23,22,48055
일반국도,국도 48호선,4803-002,2015,06,18,목,하행,34915,1454,6927,1805,544,390,101,16,0,58,0,15,46225
일반국도,국도 48호선,4803-002,2015,06,19,금,상행,33591,1405,5633,3411,221,151,42,25,1,29,27,25,44561
일반국도,국도 48호선,4803-002,2015,06,19,금,하행,36698,1351,7024,1919,566,494,118,16,0,43,0,5,48234
일반국도,국도 48호선,4803-002,2015,06,20,토,상행,29962,1147,4818,2944,160,116,16,9,2,21,0,8,39203
일반국도,국도 48호선,4803-002,2015,06,20,토,하행,34543,858,4979,960,638,333,62,2,0,33,0,7,42415
일반국도,국도 48호선,4803-002,2015,06,21,일,상행,28695,1166,4911,2995,189,128,36,17,1,40,23,30,38231
일반국도,국도 48호선,4803-002,2015,06,21,일,하행,31322,1008,2905,529,193,197,8,6,0,6,0,2,36176
일반국도,국도 48호선,4803-002,2015,06,22,월,상행,36503,1504,6133,2417,314,415,33,40,2,186,30,39,47616
일반국도,국도 48호선,4803-002,2015,06,22,월,하행,34586,1355,7079,1862,487,428,96,19,0,44,0,11,45967
일반국도,국도 48호선,4803-002,2015,06,23,화,상행,35848,1511,6120,3214,465,644,49,26,4,191,16,48,48136
일반국도,국도 48호선,4803-002,2015,06,23,화,하행,35302,1346,6908,1956,534,471,120,15,0,76,0,8,46736
일반국도,국도 48호선,4803-002,2015,06,24,수,상행,37178,1427,5779,2515,379,721,34,15,5,50,0,24,48127
일반국도,국도 48호선,4803-002,2015,06,24,수,하행,35595,1327,6938,1898,406,359,118,19,0,58,0,20,46738
일반국도,국도 48호선,4803-002,2015,06,25,목,상행,37887,1515,6118,2725,409,581,36,22,5,234,9,34,49575
일반국도,국도 48호선,4803-002,2015,06,25,목,하행,35588,1340,7084,1978,981,393,115,19,0,68,0,7,47573
일반국도,국도 48호선,4803-002,2015,06,26,금,상행,36514,1451,5941,2382,298,528,40,22,3,66,15,42,47302
일반국도,국도 48호선,4803-002,2015,06,26,금,하행,35991,1075,6816,1783,686,311,87,16,0,59,0,24,46848
일반국도,국도 48호선,4803-002,2015,06,27,토,상행,34227,1356,5777,2616,327,746,40,26,5,62,11,56,45249
일반국도,국도 48호선,4803-002,2015,06,27,토,하행,38421,1229,5210,1138,353,357,50,6,0,29,0,13,46806
일반국도,국도 48호선,4803-002,2015,06,28,일,상행,29072,1091,4638,2358,245,572,13,3,5,38,2,23,38060
일반국도,국도 48호선,4803-002,2015,06,28,일,하행,32714,997,3007,564,132,236,10,5,0,21,0,6,37692
일반국도,국도 48호선,4803-002,2015,06,29,월,상행,35808,1493,5916,2340,321,410,39,36,3,181,15,49,46611
일반국도,국도 48호선,4803-002,2015,06,29,월,하행,35480,1396,7088,1888,575,425,103,15,0,51,0,17,47038
일반국도,국도 48호선,4803-002,2015,06,30,화,상행,36561,1706,6281,3300,423,645,47,31,5,211,11,41,49262
일반국도,국도 48호선,4803-002,2015,06,30,화,하행,35406,1426,6937,1922,547,322,119,13,0,54,0,21,46767
일반국도,국도 48호선,4803-002,2015,07,01,수,상행,37573,1389,5965,2838,309,387,27,19,5,155,3,27,48697
일반국도,국도 48호선,4803-002,2015,07,01,수,하행,35654,1444,7150,1924,535,358,126,15,0,68,0,11,47285
일반국도,국도 48호선,4803-002,2015,07,02,목,상행,38604,1416,6092,2580,359,417,31,18,5,125,2,28,49677
일반국도,국도 48호선,4803-002,2015,07,02,목,하행,36184,1473,7124,1943,572,363,97,15,0,75,0,16,47862
일반국도,국도 48호선,4803-002,2015,07,03,금,상행,39221,1390,5906,2342,284,233,19,12,3,43,0,67,49520
일반국도,국도 48호선,4803-002,2015,07,03,금,하행,37158,1370,7092,1919,578,359,117,15,0,41,0,12,48661
일반국도,국도 48호선,4803-002,2015,07,04,토,상행,38381,1354,5811,2297,229,339,13,6,2,155,2,29,48618
일반국도,국도 48호선,4803-002,2015,07,04,토,하행,37770,1164,5032,1117,489,375,78,5,0,33,0,6,46069
일반국도,국도 48호선,4803-002,2015,07,05,일,상행,31458,1154,5137,3141,270,376,16,8,3,167,0,31,41761
일반국도,국도 48호선,4803-002,2015,07,05,일,하행,32484,1063,2946,516,130,311,7,5,0,6,0,1,37469
일반국도,국도 48호선,4803-002,2015,07,06,월,상행,36714,1513,6131,2738,303,310,36,43,5,134,27,36,47990
일반국도,국도 48호선,4803-002,2015,07,06,월,하행,35420,1362,6962,1954,452,433,110,14,0,48,0,12,46767
일반국도,국도 48호선,4803-002,2015,07,07,화,상행,37323,1517,6266,3214,392,463,46,35,4,165,20,35,49480
일반국도,국도 48호선,4803-002,2015,07,07,화,하행,35692,1378,6958,2023,586,513,125,11,0,71,0,10,47367
일반국도,국도 48호선,4803-002,2015,07,08,수,상행,36860,1470,6175,2852,456,546,98,29,6,191,10,37,48730
일반국도,국도 48호선,4803-002,2015,07,08,수,하행,35167,1301,6945,1807,505,429,108,17,0,64,0,6,46349
일반국도,국도 48호선,4803-002,2015,07,09,목,상행,38088,1453,5870,3014,402,581,81,15,4,236,2,20,49766
일반국도,국도 48호선,4803-002,2015,07,09,목,하행,35716,1425,6720,1919,535,391,83,12,0,68,0,14,46883
일반국도,국도 48호선,4803-002,2015,07,10,금,상행,41914,1496,4899,2855,372,594,32,10,4,50,1,24,52251
일반국도,국도 48호선,4803-002,2015,07,10,금,하행,36774,1466,7077,1986,454,461,121,13,0,75,0,8,48435
일반국도,국도 48호선,4803-002,2015,07,11,토,상행,39737,1428,6398,3019,393,867,36,12,6,57,2,38,51993
일반국도,국도 48호선,4803-002,2015,07,11,토,하행,38855,1242,4893,1159,322,405,83,5,0,42,0,5,47011
일반국도,국도 48호선,4803-002,2015,07,12,일,상행,28890,1152,4783,2521,340,571,18,6,4,175,2,27,38489
일반국도,국도 48호선,4803-002,2015,07,12,일,하행,30002,779,2946,428,332,134,10,0,0,3,0,1,34635
일반국도,국도 48호선,4803-002,2015,07,13,월,상행,34532,1492,5801,2230,411,329,50,35,3,75,19,35,45012
일반국도,국도 48호선,4803-002,2015,07,13,월,하행,34098,1116,6348,1510,593,197,48,13,0,48,0,10,43981
일반국도,국도 48호선,4803-002,2015,07,14,화,상행,37731,1568,6097,2466,429,377,45,18,3,97,2,36,48869
일반국도,국도 48호선,4803-002,2015,07,14,화,하행,35609,1347,6959,1959,431,426,91,13,1,44,0,14,46894
일반국도,국도 48호선,4803-002,2015,07,15,수,상행,38714,1572,6248,2372,481,380,41,27,5,153,2,34,50029
일반국도,국도 48호선,4803-002,2015,07,15,수,하행,36555,1416,7038,1901,489,548,124,14,0,58,0,10,48153
일반국도,국도 48호선,4803-002,2015,07,16,목,상행,36783,1535,6015,2151,533,302,43,24,4,44,10,35,47479
일반국도,국도 48호선,4803-002,2015,07,16,목,하행,35987,1430,6868,1931,548,565,111,20,0,75,0,18,47553
일반국도,국도 48호선,4803-002,2015,07,17,금,상행,37685,1549,5894,2213,373,234,53,29,2,46,13,38,48129
일반국도,국도 48호선,4803-002,2015,07,17,금,하행,38011,1423,7256,2006,675,473,110,19,0,71,0,10,50054
일반국도,국도 48호선,4803-002,2015,07,18,토,상행,36319,1296,5063,2296,309,234,46,23,3,33,14,32,45668
일반국도,국도 48호선,4803-002,2015,07,18,토,하행,37234,1127,5049,1027,443,386,61,14,0,55,0,11,45407
일반국도,국도 48호선,4803-002,2015,07,19,일,상행,30890,1025,3473,1671,159,101,17,5,2,11,0,11,37365
일반국도,국도 48호선,4803-002,2015,07,19,일,하행,32473,951,2825,518,177,112,4,6,0,3,0,1,37070
일반국도,국도 48호선,4803-002,2015,07,20,월,상행,37089,1654,5732,2313,438,299,53,29,3,87,18,54,47769
일반국도,국도 48호선,4803-002,2015,07,20,월,하행,35617,1382,6881,1907,420,398,105,14,0,49,0,6,46779
일반국도,국도 48호선,4803-002,2015,07,21,화,상행,36532,1577,5708,2401,499,379,58,29,4,107,8,37,47339
일반국도,국도 48호선,4803-002,2015,07,21,화,하행,36079,1351,6675,1846,509,496,120,10,0,34,0,8,47128
일반국도,국도 48호선,4803-002,2015,07,22,수,상행,36217,1554,5299,2210,427,336,45,23,4,150,11,45,46321
일반국도,국도 48호선,4803-002,2015,07,22,수,하행,36380,1463,6948,1847,479,518,109,8,1,44,0,7,47804
일반국도,국도 48호선,4803-002,2015,07,23,목,상행,36279,1487,5923,2211,361,314,44,15,6,87,1,45,46773
일반국도,국도 48호선,4803-002,2015,07,23,목,하행,35932,1459,6754,1842,483,445,95,17,0,58,0,13,47098
일반국도,국도 48호선,4803-002,2015,07,24,금,상행,37533,1547,6037,2278,446,308,53,27,5,121,11,49,48415
일반국도,국도 48호선,4803-002,2015,07,24,금,하행,35648,1037,6422,1565,656,158,74,8,0,42,0,11,45621
일반국도,국도 48호선,4803-002,2015,07,25,토,상행,35767,1299,5168,1843,311,294,47,18,4,129,10,38,44928
일반국도,국도 48호선,4803-002,2015,07,25,토,하행,35210,883,4772,857,547,166,52,6,0,25,0,9,42527
일반국도,국도 48호선,4803-002,2015,07,26,일,상행,32107,1126,3932,1485,187,206,22,13,3,68,11,19,39179
일반국도,국도 48호선,4803-002,2015,07,26,일,하행,31819,898,2822,478,264,86,6,4,0,2,0,4,36383
일반국도,국도 48호선,4803-002,2015,07,27,월,상행,39087,1644,6463,2535,476,319,63,28,3,98,20,58,50794
일반국도,국도 48호선,4803-002,2015,07,27,월,하행,35893,1340,6974,1732,475,225,85,17,0,36,0,9,46786
일반국도,국도 48호선,4803-002,2015,07,28,화,상행,39801,1618,6542,2675,556,306,57,44,4,49,10,56,51718
일반국도,국도 48호선,4803-002,2015,07,28,화,하행,36144,1348,6848,1948,505,365,132,20,0,46,0,8,47364
일반국도,국도 48호선,4803-002,2015,07,29,수,상행,40457,1538,6438,2496,490,280,51,28,2,42,2,28,51852
일반국도,국도 48호선,4803-002,2015,07,29,수,하행,35645,1373,6351,1724,451,176,84,13,0,41,0,7,45865
일반국도,국도 48호선,4803-002,2015,07,30,목,상행,40274,1473,5734,2192,399,266,32,16,2,41,1,18,50448
일반국도,국도 48호선,4803-002,2015,07,30,목,하행,36104,1362,6556,1720,496,305,110,17,0,61,0,9,46740
일반국도,국도 48호선,4803-002,2015,07,31,금,상행,41454,1656,5506,2164,358,243,29,11,1,28,0,15,51465
일반국도,국도 48호선,4803-002,2015,07,31,금,하행,36290,1312,6274,1650,392,493,85,15,0,44,0,6,46561
일반국도,국도 48호선,4803-002,2015,08,01,토,상행,36774,1350,4547,2132,238,203,18,8,1,19,0,10,45300
일반국도,국도 48호선,4803-002,2015,08,01,토,하행,35790,1101,4241,881,208,366,46,4,0,33,0,5,42675
일반국도,국도 48호선,4803-002,2015,08,02,일,상행,31116,1260,3719,1858,154,110,19,20,2,21,15,15,38309
일반국도,국도 48호선,4803-002,2015,08,02,일,하행,31726,1039,2818,482,96,215,12,2,0,13,0,1,36404
일반국도,국도 48호선,4803-002,2015,08,03,월,상행,37372,1718,5787,2295,344,233,40,24,3,49,15,36,47916
일반국도,국도 48호선,4803-002,2015,08,03,월,하행,34581,1293,5199,1312,261,352,53,4,0,37,0,5,43097
일반국도,국도 48호선,4803-002,2015,08,04,화,상행,37746,1688,6070,2398,424,325,69,22,4,40,15,43,48844
일반국도,국도 48호선,4803-002,2015,08,04,화,하행,35019,1259,5341,1335,279,325,86,14,0,56,0,9,43723
일반국도,국도 48호선,4803-002,2015,08,05,수,상행,34893,1621,5748,2255,372,295,50,22,4,50,7,32,45349
일반국도,국도 48호선,4803-002,2015,08,05,수,하행,35660,1328,5856,1588,320,346,73,16,1,45,0,6,45239
일반국도,국도 48호선,4803-002,2015,08,06,목,상행,35021,1562,5608,2196,407,289,53,25,2,48,13,40,45264
일반국도,국도 48호선,4803-002,2015,08,06,목,하행,35559,1363,6266,1763,331,420,127,13,0,53,0,13,45908
일반국도,국도 48호선,4803-002,2015,08,07,금,상행,38182,1591,5514,2210,412,291,34,13,3,35,1,24,48310
일반국도,국도 48호선,4803-002,2015,08,07,금,하행,36203,1355,6576,1794,403,322,114,13,0,53,0,6,46839
일반국도,국도 48호선,4803-002,2015,08,08,토,상행,36255,1387,5046,1794,325,240,33,19,3,42,10,27,45181
일반국도,국도 48호선,4803-002,2015,08,08,토,하행,36093,1145,4697,967,262,348,78,8,0,27,0,4,43629
일반국도,국도 48호선,4803-002,2015,08,09,일,상행,32353,1192,3781,1735,162,124,10,3,2,13,0,8,39383
일반국도,국도 48호선,4803-002,2015,08,09,일,하행,31618,988,2792,492,105,344,13,2,0,7,0,0,36361
일반국도,국도 48호선,4803-002,2015,08,10,월,상행,36050,1593,6127,2284,450,345,56,28,4,50,9,41,47037
일반국도,국도 48호선,4803-002,2015,08,10,월,하행,35399,1397,6812,1835,618,469,111,8,0,37,0,7,46693
일반국도,국도 48호선,4803-002,2015,08,11,화,상행,37066,1439,5330,2265,424,351,49,19,3,45,0,37,47028
일반국도,국도 48호선,4803-002,2015,08,11,화,하행,35732,1399,6771,1959,526,457,116,11,0,58,0,7,47036
일반국도,국도 48호선,4803-002,2015,08,12,수,상행,36553,1540,6202,2161,470,324,62,24,1,46,8,52,47443
일반국도,국도 48호선,4803-002,2015,08,12,수,하행,36498,1386,6887,1833,423,427,124,8,0,54,0,9,47649
일반국도,국도 48호선,4803-002,2015,08,13,목,상행,38598,1353,5558,2207,454,312,55,18,4,33,0,37,48629
일반국도,국도 48호선,4803-002,2015,08,13,목,하행,36449,1476,6742,1913,497,315,134,21,0,58,0,13,47618
일반국도,국도 48호선,4803-002,2015,08,14,금,상행,38651,1502,4877,2156,421,239,36,26,4,47,13,26,47998
일반국도,국도 48호선,4803-002,2015,08,14,금,하행,36939,1311,5961,1585,408,390,104,4,0,38,0,9,46749
일반국도,국도 48호선,4803-002,2015,08,15,토,상행,36195,1409,4863,1719,275,283,26,21,4,29,2,21,44847
일반국도,국도 48호선,4803-002,2015,08,15,토,하행,36116,1199,3998,822,207,377,44,6,0,38,0,5,42812
일반국도,국도 48호선,4803-002,2015,08,16,일,상행,30596,1199,3755,1744,156,108,15,3,1,10,0,7,37594
일반국도,국도 48호선,4803-002,2015,08,16,일,하행,31706,995,2811,515,172,192,9,1,0,12,0,1,36414
일반국도,국도 48호선,4803-002,2015,08,17,월,상행,35770,1533,5465,2092,397,222,43,16,3,28,1,30,45600
일반국도,국도 48호선,4803-002,2015,08,17,월,하행,35778,1365,6989,1785,437,360,75,12,1,47,0,13,46862
일반국도,국도 48호선,4803-002,2015,08,18,화,상행,36854,1600,5563,2156,385,244,47,14,2,32,2,31,46930
일반국도,국도 48호선,4803-002,2015,08,18,화,하행,36646,1374,6958,2030,467,390,136,8,0,60,0,12,48081
일반국도,국도 48호선,4803-002,2015,08,19,수,상행,36394,1581,5535,2221,427,282,47,16,2,27,0,38,46570
일반국도,국도 48호선,4803-002,2015,08,19,수,하행,35274,1406,6915,1888,522,323,113,16,0,63,0,10,46530
일반국도,국도 48호선,4803-002,2015,08,20,목,상행,36457,1704,5598,2305,371,237,52,21,4,47,13,40,46849
일반국도,국도 48호선,4803-002,2015,08,20,목,하행,35593,1310,6947,1910,501,433,114,16,0,52,0,6,46882
일반국도,국도 48호선,4803-002,2015,08,21,금,상행,36465,1510,5509,2161,470,263,40,9,5,31,0,28,46491
일반국도,국도 48호선,4803-002,2015,08,21,금,하행,36559,1341,6971,1927,558,361,111,12,0,63,0,12,47915
일반국도,국도 48호선,4803-002,2015,08,22,토,상행,36853,1366,5097,1788,350,259,36,17,3,25,1,31,45826
일반국도,국도 48호선,4803-002,2015,08,22,토,하행,36390,1141,5124,1139,352,421,79,4,0,42,0,13,44705
일반국도,국도 48호선,4803-002,2015,08,23,일,상행,31328,1274,3948,1856,221,170,20,15,2,17,14,25,38890
일반국도,국도 48호선,4803-002,2015,08,23,일,하행,31889,964,2815,521,132,201,12,7,0,14,0,2,36557
일반국도,국도 48호선,4803-002,2015,08,24,월,상행,36543,1530,5461,2305,404,272,56,28,4,46,14,40,46703
일반국도,국도 48호선,4803-002,2015,08,24,월,하행,34844,1394,6718,1974,396,529,114,9,0,65,0,10,46053
일반국도,국도 48호선,4803-002,2015,08,25,화,상행,34812,1616,5688,2237,444,296,53,27,3,42,17,58,45293
일반국도,국도 48호선,4803-002,2015,08,25,화,하행,34234,1041,6567,1741,814,315,90,7,0,51,0,16,44876
일반국도,국도 48호선,4803-002,2015,08,26,수,상행,36794,1628,5735,2387,499,311,58,26,3,54,11,47,47553
일반국도,국도 48호선,4803-002,2015,08,26,수,하행,35305,1325,6980,1953,665,499,101,21,0,60,0,9,46918
일반국도,국도 48호선,4803-002,2015,08,27,목,상행,37068,1598,5793,2351,499,304,55,25,3,56,6,47,47805
일반국도,국도 48호선,4803-002,2015,08,27,목,하행,36156,1315,7075,1997,674,389,136,27,0,60,0,23,47852
일반국도,국도 48호선,4803-002,2015,08,28,금,상행,39378,1507,5685,2341,518,246,33,15,2,38,0,31,49794
일반국도,국도 48호선,4803-002,2015,08,28,금,하행,36490,1359,7113,1943,633,332,116,19,0,83,0,21,48109
일반국도,국도 48호선,4803-002,2015,08,29,토,상행,38504,1435,5332,1831,409,285,37,12,3,29,0,23,47900
일반국도,국도 48호선,4803-002,2015,08,29,토,하행,37903,1125,5063,1134,392,343,73,10,0,76,0,10,46129
일반국도,국도 48호선,4803-002,2015,08,30,일,상행,34258,1211,3964,1891,185,148,15,4,2,12,0,13,41703
일반국도,국도 48호선,4803-002,2015,08,30,일,하행,33201,1051,2955,555,198,151,19,0,0,9,0,3,38142
일반국도,국도 48호선,4803-002,2015,08,31,월,상행,36289,1691,5752,2336,419,346,57,39,4,43,19,36,47031
일반국도,국도 48호선,4803-002,2015,08,31,월,하행,35225,1401,6840,1936,463,529,117,8,0,72,0,20,46611
일반국도,국도 48호선,4803-002,2015,09,01,화,상행,36250,1775,5934,2437,506,311,60,35,2,54,12,55,47431
일반국도,국도 48호선,4803-002,2015,09,01,화,하행,35526,1335,6861,1982,805,566,118,13,0,71,0,13,47290
일반국도,국도 48호선,4803-002,2015,09,02,수,상행,37118,1611,5566,2244,445,216,36,15,3,28,0,18,47300
일반국도,국도 48호선,4803-002,2015,09,02,수,하행,35612,1413,7109,1963,666,427,140,10,0,79,0,11,47430
일반국도,국도 48호선,4803-002,2015,09,03,목,상행,36710,1617,5451,2227,442,253,39,14,2,33,1,33,46822
일반국도,국도 48호선,4803-002,2015,09,03,목,하행,35459,1315,6917,1935,650,551,130,6,0,81,0,11,47055
일반국도,국도 48호선,4803-002,2015,09,04,금,상행,38502,1639,5417,2280,510,258,48,16,7,36,0,33,48746
일반국도,국도 48호선,4803-002,2015,09,04,금,하행,36928,1361,6979,1988,534,441,136,14,0,80,0,19,48480
일반국도,국도 48호선,4803-002,2015,09,05,토,상행,38066,1632,4754,1564,256,151,21,12,2,22,1,8,46489
일반국도,국도 48호선,4803-002,2015,09,05,토,하행,37165,938,5061,1048,628,355,91,8,0,60,0,8,45362
일반국도,국도 48호선,4803-002,2015,09,06,일,상행,33884,1493,3907,1833,136,102,11,6,3,13,0,6,41394
일반국도,국도 48호선,4803-002,2015,09,06,일,하행,32869,934,3079,496,252,183,23,5,0,11,0,5,37857
일반국도,국도 48호선,4803-002,2015,09,07,월,상행,39782,1457,3805,1719,261,164,18,14,3,24,0,6,47253
일반국도,국도 48호선,4803-002,2015,09,07,월,하행,35362,1267,7070,1971,604,465,85,10,0,56,0,14,46904
일반국도,국도 48호선,4803-002,2015,09,08,화,상행,39172,1648,3830,1879,226,169,17,11,5,23,0,8,46988
일반국도,국도 48호선,4803-002,2015,09,08,화,하행,35298,1346,6967,1939,623,568,110,6,0,86,0,21,46964
일반국도,국도 48호선,4803-002,2015,09,09,수,상행,38649,1752,4469,1953,282,194,21,6,5,20,1,10,47362
일반국도,국도 48호선,4803-002,2015,09,09,수,하행,35453,1285,7053,1939,713,436,109,11,0,75,0,16,47090
일반국도,국도 48호선,4803-002,2015,09,10,목,상행,36771,1800,5403,2234,412,266,45,15,4,36,1,44,47031
일반국도,국도 48호선,4803-002,2015,09,10,목,하행,35732,1318,7023,2002,757,580,125,24,0,80,0,23,47664
일반국도,국도 48호선,4803-002,2015,09,11,금,상행,38236,1934,5908,2511,488,387,52,18,9,42,2,46,49633
일반국도,국도 48호선,4803-002,2015,09,11,금,하행,36441,1190,7097,1920,902,562,124,6,0,47,0,18,48307
일반국도,국도 48호선,4803-002,2015,09,12,토,상행,39049,1564,5257,1816,349,317,27,9,3,25,1,18,48435
일반국도,국도 48호선,4803-002,2015,09,12,토,하행,38605,1087,5416,1117,540,465,66,6,0,55,0,19,47376
일반국도,국도 48호선,4803-002,2015,09,13,일,상행,34018,1676,4246,2090,200,168,24,17,3,25,15,16,42498
일반국도,국도 48호선,4803-002,2015,09,13,일,하행,34605,903,3198,548,260,328,18,2,0,15,0,3,39880
일반국도,국도 48호선,4803-002,2015,09,14,월,상행,37260,1843,5614,2264,444,295,49,23,1,34,1,36,47864
일반국도,국도 48호선,4803-002,2015,09,14,월,하행,35839,1231,7130,1908,749,477,103,12,1,75,0,25,47550
일반국도,국도 48호선,4803-002,2015,09,15,화,상행,36239,1504,6205,2289,497,314,43,8,2,31,0,28,47160
일반국도,국도 48호선,4803-002,2015,09,15,화,하행,35717,1380,7088,2010,745,522,119,11,0,75,0,17,47684
일반국도,국도 48호선,4803-002,2015,09,16,수,상행,35785,1417,6556,1974,492,346,47,8,1,23,0,26,46675
일반국도,국도 48호선,4803-002,2015,09,16,수,하행,35652,1267,7007,1987,692,534,136,14,0,87,0,24,47400
일반국도,국도 48호선,4803-002,2015,09,17,목,상행,36034,1547,6854,2320,492,296,44,13,4,31,0,26,47661
일반국도,국도 48호선,4803-002,2015,09,17,목,하행,36125,1363,7153,1953,777,573,138,13,1,78,0,20,48194
일반국도,국도 48호선,4803-002,2015,09,18,금,상행,38156,1627,7264,2212,553,387,51,16,2,30,0,26,50324
일반국도,국도 48호선,4803-002,2015,09,18,금,하행,36917,1366,7192,1985,764,479,138,26,0,58,0,15,48940
일반국도,국도 48호선,4803-002,2015,09,19,토,상행,39838,1432,5797,2113,460,270,30,12,3,23,0,20,49998
일반국도,국도 48호선,4803-002,2015,09,19,토,하행,38495,1059,5327,1239,578,547,103,5,0,53,0,12,47418
일반국도,국도 48호선,4803-002,2015,09,20,일,상행,34798,1177,4054,1718,263,160,14,1,0,15,0,6,42206
일반국도,국도 48호선,4803-002,2015,09,20,일,하행,33950,919,3322,624,295,176,20,2,0,19,0,5,39332
일반국도,국도 48호선,4803-002,2015,09,21,월,상행,37400,1548,6228,2044,510,330,45,11,2,36,0,19,48173
일반국도,국도 48호선,4803-002,2015,09,21,월,하행,36065,1311,7398,1954,649,505,130,14,0,65,0,24,48115
일반국도,국도 48호선,4803-002,2015,09,22,화,상행,37171,1654,6649,2321,506,420,71,25,2,50,12,47,48928
일반국도,국도 48호선,4803-002,2015,09,22,화,하행,37025,1366,7434,2009,684,497,146,14,0,103,0,39,49317
일반국도,국도 48호선,4803-002,2015,09,23,수,상행,38061,1558,6181,2136,393,261,41,14,4,29,0,24,48702
일반국도,국도 48호선,4803-002,2015,09,23,수,하행,36975,1256,7427,2002,795,615,133,18,0,66,0,26,49313
일반국도,국도 48호선,4803-002,2015,09,24,목,상행,38598,1598,6576,2117,447,338,55,11,4,35,1,30,49810
일반국도,국도 48호선,4803-002,2015,09,24,목,하행,38051,1280,7205,1950,714,498,139,16,0,75,0,27,49955
일반국도,국도 48호선,4803-002,2015,09,25,금,상행,38118,1663,6908,2035,625,398,46,14,4,40,0,43,49894
일반국도,국도 48호선,4803-002,2015,09,25,금,하행,38449,1188,6251,1470,645,465,91,12,0,60,0,17,48648
일반국도,국도 48호선,4803-002,2015,09,26,토,상행,33810,1433,3942,1675,219,141,16,9,0,16,0,6,41267
일반국도,국도 48호선,4803-002,2015,09,26,토,하행,33655,867,2918,532,281,72,6,2,0,3,0,9,38345
일반국도,국도 48호선,4803-002,2015,09,27,일,상행,38366,1649,4482,2206,257,162,20,10,3,23,0,10,47188
일반국도,국도 48호선,4803-002,2015,09,27,일,하행,39406,754,2534,321,188,28,0,1,0,0,0,2,43234
일반국도,국도 48호선,4803-002,2015,09,28,월,상행,36221,1292,3646,1663,229,143,14,11,2,16,0,7,43244
일반국도,국도 48호선,4803-002,2015,09,28,월,하행,34077,822,2458,320,265,42,2,1,0,0,0,1,37988
일반국도,국도 48호선,4803-002,2015,09,29,화,상행,36960,1535,4016,2019,219,151,17,10,3,23,0,11,44964
일반국도,국도 48호선,4803-002,2015,09,29,화,하행,32237,821,2941,563,280,50,4,1,0,2,0,0,36899
일반국도,국도 48호선,4803-002,2015,09,30,수,상행,34465,1254,6701,2285,424,315,47,20,2,41,8,97,45659
일반국도,국도 48호선,4803-002,2015,09,30,수,하행,34233,1143,6183,1662,644,277,96,10,1,68,0,13,44330
일반국도,국도 48호선,4803-002,2015,10,01,목,상행,36848,1252,6157,1954,400,323,43,10,4,81,0,48,47120
일반국도,국도 48호선,4803-002,2015,10,01,목,하행,33381,875,6380,1620,949,220,100,13,0,53,0,26,43617
일반국도,국도 48호선,4803-002,2015,10,02,금,상행,40162,1205,5900,2091,378,320,37,14,5,89,1,55,50257
일반국도,국도 48호선,4803-002,2015,10,02,금,하행,35904,1135,7640,2008,821,215,144,8,0,39,0,20,47934
일반국도,국도 48호선,4803-002,2015,10,03,토,상행,37112,1158,5805,1707,335,272,36,22,5,42,11,91,46596
일반국도,국도 48호선,4803-002,2015,10,03,토,하행,36857,975,5035,1043,517,217,65,6,0,38,0,16,44769
일반국도,국도 48호선,4803-002,2015,10,04,일,상행,34916,1021,4259,1808,159,160,13,5,3,19,0,73,42436
일반국도,국도 48호선,4803-002,2015,10,04,일,하행,30463,836,3191,582,398,198,25,5,0,5,0,9,35712
일반국도,국도 48호선,4803-002,2015,10,05,월,상행,36817,1418,6698,2107,537,297,57,12,3,40,1,106,48093
일반국도,국도 48호선,4803-002,2015,10,05,월,하행,34891,1167,7422,2009,788,385,121,13,0,38,0,22,46856
일반국도,국도 48호선,4803-002,2015,10,06,화,상행,35905,1202,6763,2037,491,310,40,11,2,72,1,62,46896
일반국도,국도 48호선,4803-002,2015,10,06,화,하행,35580,1160,7442,2121,821,455,133,13,0,46,0,19,47790
일반국도,국도 48호선,4803-002,2015,10,07,수,상행,36668,1367,7147,2201,490,299,54,15,4,91,1,47,48384
일반국도,국도 48호선,4803-002,2015,10,07,수,하행,36090,1152,7404,2044,891,450,174,20,0,72,0,24,48321
일반국도,국도 48호선,4803-002,2015,10,08,목,상행,37084,1229,5995,2003,457,338,47,14,4,46,1,126,47344
일반국도,국도 48호선,4803-002,2015,10,08,목,하행,36836,1232,7430,2018,812,550,200,8,0,65,0,27,49178
일반국도,국도 48호선,4803-002,2015,10,09,금,상행,37967,1457,7271,2168,526,352,38,13,10,43,1,104,49950
일반국도,국도 48호선,4803-002,2015,10,09,금,하행,37020,887,5422,1246,663,586,121,8,0,55,0,32,46040
일반국도,국도 48호선,4803-002,2015,10,10,토,상행,36996,1099,5998,1694,394,280,42,24,5,43,15,86,46676
일반국도,국도 48호선,4803-002,2015,10,10,토,하행,34467,663,5077,882,679,208,65,4,0,34,0,11,42090
일반국도,국도 48호선,4803-002,2015,10,11,일,상행,33834,941,4450,1848,188,177,17,12,4,127,14,14,41626
일반국도,국도 48호선,4803-002,2015,10,11,일,하행,31842,737,3655,588,460,169,38,2,0,11,0,8,37510
일반국도,국도 48호선,4803-002,2015,10,12,월,상행,36578,1236,6382,1957,513,280,47,11,2,40,1,98,47145
일반국도,국도 48호선,4803-002,2015,10,12,월,하행,35502,1098,7803,2027,769,586,156,12,0,60,0,19,48032
일반국도,국도 48호선,4803-002,2015,10,13,화,상행,33329,1386,7406,2217,584,368,50,18,4,96,17,57,45532
일반국도,국도 48호선,4803-002,2015,10,13,화,하행,35746,1145,7568,2065,845,521,212,10,0,58,0,25,48195
일반국도,국도 48호선,4803-002,2015,10,14,수,상행,33494,1241,7723,2105,600,336,32,7,3,59,1,30,45631
일반국도,국도 48호선,4803-002,2015,10,14,수,하행,34819,1172,7363,2006,855,571,144,15,0,59,0,22,47026
일반국도,국도 48호선,4803-002,2015,10,15,목,상행,35569,1213,6939,2245,565,302,54,25,4,42,10,77,47045
일반국도,국도 48호선,4803-002,2015,10,15,목,하행,35719,1161,7235,2017,815,401,131,13,0,55,0,21,47568
일반국도,국도 48호선,4803-002,2015,10,16,금,상행,37990,1208,7029,2178,512,294,35,8,8,35,0,57,49354
일반국도,국도 48호선,4803-002,2015,10,16,금,하행,36207,1142,7270,1941,869,398,192,5,0,54,0,32,48110
일반국도,국도 48호선,4803-002,2015,10,17,토,상행,36334,1271,6301,1850,395,296,43,17,16,40,7,63,46633
일반국도,국도 48호선,4803-002,2015,10,17,토,하행,37832,947,5618,1151,689,489,105,5,0,60,0,18,46914
일반국도,국도 48호선,4803-002,2015,10,18,일,상행,34127,918,4312,1833,179,142,12,5,2,19,0,37,41586
일반국도,국도 48호선,4803-002,2015,10,18,일,하행,33138,811,3407,628,445,107,26,1,0,13,0,7,38583
일반국도,국도 48호선,4803-002,2015,10,19,월,상행,36852,1283,5917,2030,373,246,32,14,3,50,0,91,46891
일반국도,국도 48호선,4803-002,2015,10,19,월,하행,34683,1072,7220,1941,854,549,138,12,0,56,0,18,46543
일반국도,국도 48호선,4803-002,2015,10,20,화,상행,35220,1267,6086,2079,430,250,33,7,6,39,0,48,45465
일반국도,국도 48호선,4803-002,2015,10,20,화,하행,35361,1197,7688,2063,885,519,155,16,0,64,0,25,47973
일반국도,국도 48호선,4803-002,2015,10,21,수,상행,36085,1369,7035,2282,594,317,44,18,5,38,1,57,47845
일반국도,국도 48호선,4803-002,2015,10,21,수,하행,35110,1131,7215,1987,914,572,175,15,0,66,0,30,47215
일반국도,국도 48호선,4803-002,2015,10,22,목,상행,36828,1418,6980,2292,483,321,41,17,3,44,1,62,48490
일반국도,국도 48호선,4803-002,2015,10,22,목,하행,35624,1119,7476,1994,960,488,167,13,0,70,0,12,47923
일반국도,국도 48호선,4803-002,2015,10,23,금,상행,38206,1459,7143,2422,517,396,58,31,8,57,15,72,50384
일반국도,국도 48호선,4803-002,2015,10,23,금,하행,36463,1066,7472,1930,960,546,129,16,0,57,0,22,48661
일반국도,국도 48호선,4803-002,2015,10,24,토,상행,39221,1204,6336,1704,328,242,32,9,3,22,0,48,49149
일반국도,국도 48호선,4803-002,2015,10,24,토,하행,37446,975,5379,1060,700,229,91,12,0,51,0,14,45957
일반국도,국도 48호선,4803-002,2015,10,25,일,상행,34954,964,4573,1910,205,241,13,6,4,19,0,33,42922
일반국도,국도 48호선,4803-002,2015,10,25,일,하행,33527,854,3406,600,411,179,15,3,0,11,0,6,39012
일반국도,국도 48호선,4803-002,2015,10,26,월,상행,36694,1382,7118,2335,454,366,52,16,6,45,7,56,48531
일반국도,국도 48호선,4803-002,2015,10,26,월,하행,34588,1034,7452,1885,970,411,152,10,0,51,0,19,46572
일반국도,국도 48호선,4803-002,2015,10,27,화,상행,35373,1347,6497,2325,501,374,61,20,5,50,12,51,46616
일반국도,국도 48호선,4803-002,2015,10,27,화,하행,34606,1025,7442,1825,963,255,99,16,0,65,0,21,46317
일반국도,국도 48호선,4803-002,2015,10,28,수,상행,37517,1332,6664,2403,514,349,46,14,5,40,0,33,48917
일반국도,국도 48호선,4803-002,2015,10,28,수,하행,34887,1006,7398,2019,912,358,124,13,0,58,0,17,46792
일반국도,국도 48호선,4803-002,2015,10,29,목,상행,37917,1257,6371,2263,508,372,46,7,6,27,0,43,48817
일반국도,국도 48호선,4803-002,2015,10,29,목,하행,35090,1054,7641,1961,951,405,145,13,0,38,0,17,47315
일반국도,국도 48호선,4803-002,2015,10,30,금,상행,39076,1407,6672,2497,528,438,54,29,14,52,15,68,50850
일반국도,국도 48호선,4803-002,2015,10,30,금,하행,35867,1080,7853,2148,922,354,133,9,0,50,0,11,48427
일반국도,국도 48호선,4803-002,2015,10,31,토,상행,39682,1324,6408,1744,353,262,21,8,13,21,1,16,49853
일반국도,국도 48호선,4803-002,2015,10,31,토,하행,36761,821,6019,1351,621,325,68,4,0,42,0,11,46023
일반국도,국도 48호선,4803-002,2015,11,01,일,상행,36242,910,3467,728,166,156,8,3,0,4,0,9,41693
일반국도,국도 48호선,4803-002,2015,11,01,일,하행,33007,725,3945,656,401,184,16,5,0,10,0,2,38951
일반국도,국도 48호선,4803-002,2015,11,02,월,상행,36522,1441,6746,1810,607,446,46,13,0,20,0,34,47685
일반국도,국도 48호선,4803-002,2015,11,02,월,하행,35058,1016,7720,1967,831,428,166,15,1,60,0,12,47274
일반국도,국도 48호선,4803-002,2015,11,03,화,상행,36187,1364,6863,1894,632,497,63,28,0,26,0,43,47597
일반국도,국도 48호선,4803-002,2015,11,03,화,하행,34748,1124,7573,2076,888,461,175,14,0,81,0,19,47159
일반국도,국도 48호선,4803-002,2015,11,04,수,상행,36111,1428,7121,1886,649,491,41,27,0,30,0,42,47826
일반국도,국도 48호선,4803-002,2015,11,04,수,하행,34925,1125,7492,2104,892,443,169,17,0,78,0,24,47269
일반국도,국도 48호선,4803-002,2015,11,05,목,상행,35945,1531,7125,1914,637,434,52,32,0,22,0,39,47731
일반국도,국도 48호선,4803-002,2015,11,05,목,하행,35306,1037,7523,2131,926,375,159,18,0,77,0,25,47577
일반국도,국도 48호선,4803-002,2015,11,06,금,상행,36705,1851,8516,1873,575,475,44,19,0,27,0,37,50122
일반국도,국도 48호선,4803-002,2015,11,06,금,하행,35782,970,7462,1907,928,398,179,11,0,63,0,17,47717
일반국도,국도 48호선,4803-002,2015,11,07,토,상행,36174,1084,4806,1034,223,153,20,14,0,14,0,8,43530
일반국도,국도 48호선,4803-002,2015,11,07,토,하행,34130,792,5228,949,644,193,33,6,0,41,0,5,42021
일반국도,국도 48호선,4803-002,2015,11,08,일,상행,32796,940,2967,597,122,88,4,3,0,2,0,4,37523
일반국도,국도 48호선,4803-002,2015,11,08,일,하행,29738,641,3350,505,436,119,9,3,0,2,0,0,34803
일반국도,국도 48호선,4803-002,2015,11,09,월,상행,35509,1383,6767,1766,487,243,39,20,1,22,0,38,46275
일반국도,국도 48호선,4803-002,2015,11,09,월,하행,33941,996,7402,1816,840,261,80,9,0,60,0,4,45409
일반국도,국도 48호선,4803-002,2015,11,10,화,상행,35911,1562,7045,1911,609,349,46,23,1,34,0,37,47528
일반국도,국도 48호선,4803-002,2015,11,10,화,하행,34952,983,7566,2064,906,319,135,16,0,63,0,24,47028
일반국도,국도 48호선,4803-002,2015,11,11,수,상행,36648,1423,6720,1824,582,315,35,24,0,30,0,35,47636
일반국도,국도 48호선,4803-002,2015,11,11,수,하행,35586,1047,7613,2034,854,344,134,8,0,64,0,12,47696
일반국도,국도 48호선,4803-002,2015,11,12,목,상행,36861,1467,6805,1794,616,404,43,32,0,30,0,34,48086
일반국도,국도 48호선,4803-002,2015,11,12,목,하행,35671,1048,7582,1988,921,391,154,12,0,70,0,14,47851
일반국도,국도 48호선,4803-002,2015,11,13,금,상행,36193,1459,6611,1901,525,316,36,19,1,34,0,17,47112
일반국도,국도 48호선,4803-002,2015,11,13,금,하행,35171,964,7541,1862,978,323,139,10,0,67,0,18,47073
일반국도,국도 48호선,4803-002,2015,11,14,토,상행,38292,1057,4810,1093,258,174,20,10,1,7,0,26,45748
일반국도,국도 48호선,4803-002,2015,11,14,토,하행,35882,817,5363,980,650,194,48,7,0,34,0,19,43994
일반국도,국도 48호선,4803-002,2015,11,15,일,상행,37215,920,3247,674,149,152,6,5,0,9,0,7,42384
일반국도,국도 48호선,4803-002,2015,11,15,일,하행,33808,626,3615,548,515,151,10,4,0,12,0,4,39293
일반국도,국도 48호선,4803-002,2015,11,16,월,상행,35397,1456,6752,1810,536,333,38,19,0,31,0,27,46399
일반국도,국도 48호선,4803-002,2015,11,16,월,하행,34268,950,7649,1836,919,296,128,17,1,64,0,23,46151
일반국도,국도 48호선,4803-002,2015,11,17,화,상행,36308,1435,6947,1883,567,354,51,32,1,20,0,29,47627
일반국도,국도 48호선,4803-002,2015,11,17,화,하행,35359,983,7532,1913,980,340,120,7,0,70,0,23,47327
일반국도,국도 48호선,4803-002,2015,11,18,수,상행,34732,1351,6445,1755,509,259,37,21,0,22,0,24,45155
일반국도,국도 48호선,4803-002,2015,11,18,수,하행,33790,926,7262,1776,944,227,104,10,0,45,0,6,45090
일반국도,국도 48호선,4803-002,2015,11,19,목,상행,36652,1463,6840,1883,469,368,41,9,1,29,0,27,47782
일반국도,국도 48호선,4803-002,2015,11,19,목,하행,35034,960,7691,1949,819,299,136,14,0,36,0,15,46953
일반국도,국도 48호선,4803-002,2015,11,20,금,상행,37496,1707,8089,1960,491,439,38,24,0,29,0,34,50307
일반국도,국도 48호선,4803-002,2015,11,20,금,하행,35967,1057,7745,2007,821,363,141,8,0,62,1,16,48188
일반국도,국도 48호선,4803-002,2015,11,21,토,상행,40192,996,5249,1218,358,266,28,8,0,15,0,18,48348
일반국도,국도 48호선,4803-002,2015,11,21,토,하행,37207,920,5935,1235,595,262,82,5,0,42,0,11,46294
일반국도,국도 48호선,4803-002,2015,11,22,일,상행,36712,936,3548,677,155,225,4,2,0,4,0,19,42282
일반국도,국도 48호선,4803-002,2015,11,22,일,하행,33012,706,4016,676,362,214,40,5,0,9,0,4,39044
일반국도,국도 48호선,4803-002,2015,11,23,월,상행,35550,1494,6230,1777,485,341,30,17,0,21,0,30,45975
일반국도,국도 48호선,4803-002,2015,11,23,월,하행,33608,996,7371,1850,703,321,126,7,0,33,0,9,45024
일반국도,국도 48호선,4803-002,2015,11,24,화,상행,35456,1469,7308,2034,521,336,46,21,0,12,0,25,47228
일반국도,국도 48호선,4803-002,2015,11,24,화,하행,34632,1148,7959,2252,699,295,128,10,0,59,0,10,47192
일반국도,국도 48호선,4803-002,2015,11,25,수,상행,34253,1262,6828,1811,423,235,35,24,0,14,0,20,44905
일반국도,국도 48호선,4803-002,2015,11,25,수,하행,33346,1109,7558,1957,514,269,79,10,0,43,0,7,44892
일반국도,국도 48호선,4803-002,2015,11,26,목,상행,35031,1348,7118,1957,457,366,30,17,0,21,0,21,46366
일반국도,국도 48호선,4803-002,2015,11,26,목,하행,33838,1162,8132,2281,421,314,121,14,0,33,0,13,46329
일반국도,국도 48호선,4803-002,2015,11,27,금,상행,36469,1466,7886,2081,443,310,53,14,0,27,0,26,48775
일반국도,국도 48호선,4803-002,2015,11,27,금,하행,34279,1162,8335,2245,440,283,130,16,0,31,0,13,46934
일반국도,국도 48호선,4803-002,2015,11,28,토,상행,36981,1044,5366,1211,259,325,29,13,0,14,0,12,45254
일반국도,국도 48호선,4803-002,2015,11,28,토,하행,34537,1034,5903,1377,250,347,70,10,0,38,0,8,43574
일반국도,국도 48호선,4803-002,2015,11,29,일,상행,32653,798,3468,719,95,150,3,2,0,9,0,10,37907
일반국도,국도 48호선,4803-002,2015,11,29,일,하행,29934,896,3919,715,143,151,20,2,0,11,0,1,35792
일반국도,국도 48호선,4803-002,2015,11,30,월,상행,35098,1465,6744,1841,493,332,48,19,0,19,0,22,46081
일반국도,국도 48호선,4803-002,2015,11,30,월,하행,33631,1171,7863,2127,512,276,108,11,0,35,0,11,45745
일반국도,국도 48호선,4803-002,2015,12,01,화,상행,34751,1371,7353,2071,568,354,42,22,0,14,0,29,46575
일반국도,국도 48호선,4803-002,2015,12,01,화,하행,34152,1152,7926,2287,652,320,121,12,0,46,0,7,46675
일반국도,국도 48호선,4803-002,2015,12,02,수,상행,34789,1370,6023,1678,372,288,42,18,0,14,0,26,44620
일반국도,국도 48호선,4803-002,2015,12,02,수,하행,32823,1241,7422,1896,499,317,119,10,0,40,0,8,44375
일반국도,국도 48호선,4803-002,2015,12,03,목,상행,31931,1215,6427,1857,313,294,28,12,0,21,0,25,42123
일반국도,국도 48호선,4803-002,2015,12,03,목,하행,30519,1149,7314,1964,326,270,84,10,0,36,0,4,41676
일반국도,국도 48호선,4803-002,2015,12,04,금,상행,35774,1450,7549,2034,409,362,39,17,0,22,0,22,47678
일반국도,국도 48호선,4803-002,2015,12,04,금,하행,34252,1272,8082,2212,407,370,106,10,0,35,0,2,46748
일반국도,국도 48호선,4803-002,2015,12,05,토,상행,37531,1037,5116,1239,325,335,23,13,0,7,0,19,45645
일반국도,국도 48호선,4803-002,2015,12,05,토,하행,34677,1053,5835,1323,381,366,78,5,0,35,0,2,43755
일반국도,국도 48호선,4803-002,2015,12,06,일,상행,33460,949,3228,717,105,250,4,4,0,6,0,8,38731
일반국도,국도 48호선,4803-002,2015,12,06,일,하행,30910,967,3856,782,125,246,15,2,0,13,0,0,36916
일반국도,국도 48호선,4803-002,2015,12,07,월,상행,35048,1394,6965,1973,441,293,33,15,0,19,0,19,46200
일반국도,국도 48호선,4803-002,2015,12,07,월,하행,33340,1267,8091,2198,427,331,108,9,0,40,0,11,45822
일반국도,국도 48호선,4803-002,2015,12,08,화,상행,34925,1302,6879,2012,492,354,42,19,0,19,0,28,46072
일반국도,국도 48호선,4803-002,2015,12,08,화,하행,33653,1306,7958,2223,458,467,119,4,0,53,0,12,46253
일반국도,국도 48호선,4803-002,2015,12,09,수,상행,34140,1514,7492,2155,501,466,44,23,0,22,0,21,46378
일반국도,국도 48호선,4803-002,2015,12,09,수,하행,33532,1275,7806,2253,520,488,128,9,0,55,0,9,46075
일반국도,국도 48호선,4803-002,2015,12,10,목,상행,35100,1352,6250,1996,404,379,36,20,0,23,0,23,45583
일반국도,국도 48호선,4803-002,2015,12,10,목,하행,33665,1149,7594,2051,497,376,133,12,1,59,0,4,45541
일반국도,국도 48호선,4803-002,2015,12,11,금,상행,37191,1436,6988,1982,453,434,44,27,0,23,0,38,48616
일반국도,국도 48호선,4803-002,2015,12,11,금,하행,35332,1221,7986,2153,503,445,102,11,0,67,0,21,47841
일반국도,국도 48호선,4803-002,2015,12,12,토,상행,38664,1219,5735,1258,358,370,32,8,0,7,0,15,47666
일반국도,국도 48호선,4803-002,2015,12,12,토,하행,35637,1006,5790,1218,405,399,92,7,0,35,0,3,44592
일반국도,국도 48호선,4803-002,2015,12,13,일,상행,34278,938,3197,696,104,172,12,5,0,7,0,7,39416
일반국도,국도 48호선,4803-002,2015,12,13,일,하행,31267,930,3659,725,173,204,17,3,0,12,0,1,36991
일반국도,국도 48호선,4803-002,2015,12,14,월,상행,33993,1327,6653,1798,444,335,43,18,2,14,0,15,44642
일반국도,국도 48호선,4803-002,2015,12,14,월,하행,32788,1196,7587,2010,488,390,91,8,0,43,0,4,44605
일반국도,국도 48호선,4803-002,2015,12,15,화,상행,35565,1390,6560,2031,460,335,40,16,0,15,0,12,46424
일반국도,국도 48호선,4803-002,2015,12,15,화,하행,34055,1303,7796,2131,508,376,103,8,0,48,0,8,46336
일반국도,국도 48호선,4803-002,2015,12,16,수,상행,34786,1376,7474,2105,449,451,34,29,1,18,0,23,46746
일반국도,국도 48호선,4803-002,2015,12,16,수,하행,33948,1260,8076,2248,421,426,111,9,0,61,0,11,46571
일반국도,국도 48호선,4803-002,2015,12,17,목,상행,35070,1195,7204,2065,462,343,45,21,0,24,0,10,46439
일반국도,국도 48호선,4803-002,2015,12,17,목,하행,33670,1161,8151,2274,434,378,112,12,0,43,0,14,46249
일반국도,국도 48호선,4803-002,2015,12,18,금,상행,36439,1220,7239,2077,445,321,36,19,1,15,0,10,47822
일반국도,국도 48호선,4803-002,2015,12,18,금,하행,34476,1191,8206,2239,406,286,102,14,0,43,0,8,46971
일반국도,국도 48호선,4803-002,2015,12,19,토,상행,38166,986,5242,1277,252,325,27,9,2,14,0,8,46308
일반국도,국도 48호선,4803-002,2015,12,19,토,하행,34976,1098,5863,1387,295,316,89,7,0,29,0,4,44064
일반국도,국도 48호선,4803-002,2015,12,20,일,상행,33341,848,3080,716,85,185,8,6,0,3,0,5,38277
일반국도,국도 48호선,4803-002,2015,12,20,일,하행,30400,993,3765,743,76,219,22,4,0,9,0,3,36234
일반국도,국도 48호선,4803-002,2015,12,21,월,상행,34904,1410,6641,1907,365,260,34,20,0,22,0,17,45580
일반국도,국도 48호선,4803-002,2015,12,21,월,하행,33371,1278,7558,1925,351,266,77,13,0,48,0,2,44889
일반국도,국도 48호선,4803-002,2015,12,22,화,상행,36206,1351,6741,1958,411,269,65,11,1,20,0,12,47045
일반국도,국도 48호선,4803-002,2015,12,22,화,하행,34132,1211,7974,2191,447,263,117,6,0,42,0,6,46389
일반국도,국도 48호선,4803-002,2015,12,23,수,상행,35216,1576,7851,2036,449,307,49,16,0,23,0,22,47545
일반국도,국도 48호선,4803-002,2015,12,23,수,하행,34788,1252,7693,2120,537,317,106,9,0,50,0,6,46878
일반국도,국도 48호선,4803-002,2015,12,24,목,상행,37833,1329,6993,1919,408,313,44,16,1,23,0,22,48901
일반국도,국도 48호선,4803-002,2015,12,24,목,하행,36355,1212,8002,2095,468,278,122,9,0,55,0,8,48604
일반국도,국도 48호선,4803-002,2015,12,25,금,상행,32468,943,3731,984,179,208,15,14,2,7,0,8,38559
일반국도,국도 48호선,4803-002,2015,12,25,금,하행,31374,967,4595,1063,191,210,51,5,0,32,0,4,38492
일반국도,국도 48호선,4803-002,2015,12,26,토,상행,32386,962,4515,904,176,224,17,8,0,9,1,5,39207
일반국도,국도 48호선,4803-002,2015,12,26,토,하행,30965,1011,5082,1004,164,224,45,2,0,31,0,1,38529
일반국도,국도 48호선,4803-002,2015,12,27,일,상행,32094,750,3288,685,86,113,3,8,0,4,0,0,37031
일반국도,국도 48호선,4803-002,2015,12,27,일,하행,28328,925,4037,756,76,141,6,3,0,5,0,1,34278
일반국도,국도 48호선,4803-002,2015,12,28,월,상행,34849,1232,6936,2022,376,323,36,17,1,17,0,10,45819
일반국도,국도 48호선,4803-002,2015,12,28,월,하행,32937,1191,8010,2217,330,363,98,13,0,46,0,3,45208
일반국도,국도 48호선,4803-002,2015,12,29,화,상행,35312,1278,7045,2102,438,336,66,21,0,27,0,8,46633
일반국도,국도 48호선,4803-002,2015,12,29,화,하행,33734,1194,8092,2273,403,425,109,9,0,44,0,5,46288
일반국도,국도 48호선,4803-002,2015,12,30,수,상행,35297,1308,6916,1997,384,423,35,23,1,24,0,9,46417
일반국도,국도 48호선,4803-002,2015,12,30,수,하행,33931,1211,7785,2014,372,495,110,12,0,40,0,6,45976
일반국도,국도 48호선,4803-002,2015,12,31,목,상행,37387,1218,6364,1563,308,293,27,19,0,25,1,1,47206
일반국도,국도 48호선,4803-002,2015,12,31,목,하행,35003,1205,6960,1701,283,406,61,5,0,36,0,8,45668
