date,holiday
20120101,2
20120122,2
20120123,2
20120124,2
20120301,2
20120411,2
20120505,2
20120528,2
20120606,2
20120815,2
20120929,2
20120930,2
20121001,2
20121003,2
20121225,2
20130101,2
20130209,2
20130210,2
20130211,2
20130301,2
20130505,2
20130517,2
20130606,2
20130815,2
20130918,2
20130919,2
20130920,2
20130921,2
20130922,2
20131003,2
20131009,2
20131225,2
20140101,2
20140130,2
20140131,2
20140201,2
20140202,2
20140301,2
20140505,2
20140506,2
20140606,2
20140815,2
20140906,2
20140907,2
20140908,2
20140909,2
20140910,2
20141003,2
20141009,2
20141225,2
20150101,2
20150218,2
20150219,2
20150220,2
20150221,2
20150222,2
20150301,2
20150505,2
20150525,2
20150606,2
20150815,2
20150926,2
20150927,2
20150928,2
20150929,2
20151003,2
20151009,2
20151225,2
20160101,2
20160206,2
20160207,2
20160208,2
20160209,2
20160210,2
20160301,2
20160413,2
20160505,2
20160514,2
20160606,2
20160815,2
20160914,2
20160915,2
20160916,2
20160917,2
20160918,2
20161003,2
20161009,2
20161225,2
